company,email,phone
AesthetiCare Medspa,info@greatskinkc.com,(816) 338-7881
AIR Kitchen and Bath,info@airkitchenandbath.com,(470) 805-5522
Alani Skin MD,,(480) 993-2218
Alhambra Dental Plaza,info@alhambradentalplaza.com,(916) 455-3247
Aspire Dental Wellness,info@aspiredw.com,(980) 999-4439
Athena Pools,,(512) 914-0554
Ballantyne Dentistry,info@ballantynedentistry.com,(704) 540-2255
BCB Homes,info@bcbhomes.com,(239) 643-1004
Bell Dental Group,info@belldentalgroup.com,(513) 802-9440
Blume Skin & Body,,(480) 699-7999
Borelli Construction of Naples,info@borelliconstructionofnaples.com,(239) 263-7900
Brady Family Dentistry,info@bradyfamilydentistry.com,(704) 321-0414
Calvis Wyant Luxury Homes,info@calviswyant.com,(480) 905-0200
Cascade Custom Pools,,(512) 264-2453
Charlotte Center for Cosmetic Dentistry,,(704) 364-4711
Charlotte Dental Arts,info@charlottedentalarts.com,(704) 397-4332
Charlotte Dentistry,info@charlottedentistry.com,(704) 285-0846
Charlotte Family Dentistry,info@cltfamilydentistry.com,(704) 247-6499
Chic la Vie Med Spa,info@chiclavie.com,(702) 233-8535
Columbus Kitchen and Bath,info@columbuskitchenbaths.com,(614) 282-3599
Dean Cosmetic Dentistry,info@deancosmeticdentistry.com,(865) 539-1119
Derma Health Skin & Laser,,(480) 470-5747
Divco Custom Homes,info@divcohomes.com,(239) 592-7222
Elysian MedSpa & Wellness,info@elysianmedspalv.com,(725) 253-2002
Family Dentistry of Knoxville,info@familydentistryknoxville.com,(865) 345-5129
Glo Medspa,,(480) 245-6881
Heritage Family Dentistry Knoxville,info@hfdsmiles.com,(865) 800-4664
Innovative Pools and Spas,innovativepools@sbcglobal.com,(512) 563-5958
Inspired Dentistry of Charlotte,info@inspireddoc.com,(980) 595-8245
J. Caldwell Custom Pools,info@jcaldwellcustompools.com,(817) 237-7665
Kaye Lifestyle Homes,,(239) 434-5293
KDO Kitchens and Remodeling,info@kdokitchensandremodeling.com,(404) 740-1664
Kenwood Cosmetic Dentistry,info@kenwoodcosmeticdentistry.com,(513) 791-6262
Kenzi MedSpa,info@kenzispa.com,(877) 536-9477
Kitchen and Bath Phoenix,info@kitchenandbathphoenix.com,(602) 362-3575
Kohr Construction,info@kohrconstructionsc.com,(843) 495-7333
Landscape Connection,info@landscapeconnection.net,(303) 791-3060
Love Your Body Medical Spa,lybms@aol.com,(702) 213-5948
MDSkin Lounge,,(833) 640-2486
Medspa-LV,info@medspa-lv.com,(702) 485-3409
Midtown General & Cosmetic Dentistry,info@charlottemidtowndentistry.com,(704) 307-4525
Moderne Medical,info@modernemedical.com,(480) 477-7726
Murphy Dental Center,office@murphydentalcentertn.com,(865) 219-5867
Newport Beach MedSpa,info@newportbeachmedspa.com,(949) 631-2800
NexGen Constructors,info@nexgenconstructors.com,(727) 238-5477
Normandy Remodeling,info@normandyremodeling.com,(630) 455-5600
Nuve Clinic Med Spa,info@nuvelifestyle.com,(702) 602-4030
OKC Dental Arts,info@okcdentalarts.com,(405) 848-6743
OKC Smiles,info@okcsmiles.com,(405) 634-7303
Pearl Medspa,info@pearlmedspa.com,(480) 409-2717
Pelham Links Dental,greenvilleoffice@pelhamlinks.com,(864) 297-6365
Pristine Smiles TN,info@pristinesmilestn.com,(865) 693-9474
Providence Dentistry,,(704) 246-5346
Providence Dentistry Charlotte,info@providencedentistrycharlotte.com,(704) 246-5346
Reflections Dental Care,info@reflectionsdentalcare.com,(405) 751-4556
Ring Family Dentistry,info@ringfamilydentistry.com,(405) 621-1555
River City Family Dentistry,info@rivercityfamilydentistry.org,(502) 893-0176
Robbins Plastic Surgery,,(615) 237-5552
Robertson Pools,info@robertsonpools.com,(972) 393-2152
RRR Med Spa Naples,info@rrrmedspanaples.com,(239) 351-7796
Ruther Family Dentistry,info@rutherdentistry.com,(513) 489-5599
Scottsdale Center for Plastic Surgery,info@scottsdalecenterforplasticsurgery.com,(480) 423-1973
Scottsdale Cosmetic Dentistry,info@scdclark.com,(480) 585-1853
Scottsdale Family Dentistry and Orthodontics,info@scottsdalefamilydentistry.com,(480) 474-4990
Scottsdale Smile Doctor,info@scottsdalesmiledoctor.com,(480) 948-4353
Shaddock Custom,todd@shaddockcustom.com,(469) 243-3466
Shertok Smiles,info@shertoksmiles.com,(513) 721-5924
South Knox Dental,info@southknoxdental.com,(865) 577-7535
SouthView Cosmetic Dentistry,info@southviewdentistrycharlotte.com,(704) 333-4760
Springhurst Hills Dentistry,info@springhursthillsdentistry.com,(502) 365-9699
Tampa Bay Pools,tbpinfo@tampabaypools.com,(813) 684-3639
The Laser Lounge Spa North Naples,info@thelaserloungespa.com,(239) 799-9772
The Sindledecker Center,info@mybocadentist.com,(561) 368-2928
The Skin Shop Medspa,info@theskinshopmedspascottsdale.com,(480) 948-1759
Time 4 U Med Spa,info@time4umedspa.com,(239) 810-4400
ZONA Med Spa,,(480) 299-4975
