company,email,phone
Normandy Remodeling,info@normandyremodeling.com,(630) 455-5600
Kohr Construction,info@kohrconstructionsc.com,(843) 495-7333
Kenwood Cosmetic Dentistry,info@kenwoodcosmeticdentistry.com,(513) 791-6262
Kitchen and Bath Phoenix,info@kitchenandbathphoenix.com,(602) 362-3575
Columbus Kitchen and Bath,info@columbuskitchenbaths.com,(614) 282-3599
The Laser Lounge Spa North Naples,info@thelaserloungespa.com,(239) 799-9772
The Skin Shop Medspa,info@theskinshopmedspascottsdale.com,(480) 948-1759
Providence Dentistry Charlotte,info@providencedentistrycharlotte.com,(704) 246-5346
Ballantyne Dentistry,info@ballantynedentistry.com,(704) 540-2255
Charlotte Dentistry,info@charlottedentistry.com,(704) 285-0846
Time 4 U Med Spa,info@time4umedspa.com,(239) 810-4400
Kenzi MedSpa,info@kenzispa.com,(877) 536-9477
RRR Med Spa Naples,info@rrrmedspanaples.com,(239) 351-7796
