Advanced Specialty Care & Med Spa	advancedspecialtycare@nampaobgyn.com	idahoadvancedspecialtycare.com	Med spa	Boise	ID	confirmed	(208) 468-9400
OM Med Spa	info@ommedspa.com	ommedspa.com	Med spa	Boise	ID	convention	(208) 917-2782
Spa 35 Med Spa	info@spa35.com	spa35.com	Med spa	Boise	ID	convention	(208) 367-0700
Silk Touch Cosmetic Surgery & Medspa	info@silktouchmedspa.com	silktouchmedspa.com	Med spa	Boise	ID	convention	(208) 939-3110
The Spa Boise	info@thespaboise.com	thespaboise.com	Med spa	Boise	ID	convention	(208) 590-7721
Midtown Craftsmen	info@mtcrestoration.com	mtcrestoration.com	Kitchen and bath remodeling	Grand Rapids	MI	convention	(616) 245-5970
Grand Rapids Remodeling Pros	info@remodelgrandrapids.com	remodelgrandrapids.com	Kitchen and bath remodeling	Grand Rapids	MI	convention	(616) 344-9985
Andyman Improvements	info@theandymanimprovements.com	theandymanimprovements.com	Kitchen and bath remodeling	Grand Rapids	MI	convention	(616) 426-2639
Messner Landscape	info@messnerlandscape.com	messnerlandscape.com	Landscape design build	Madison	WI	convention	(608) 455-2323
Proscapes Landscape Contractor	info@proscapesllc.com	proscapesllc.com	Landscape design build	Madison	WI	convention	(608) 244-6464
Sprout Landscape & Garden	info@sproutlandscape.com	sproutlandscape.com	Landscape design build	Madison	WI	convention	(608) 609-5772
Pool Creations	info@poolcreationsinc.com	poolcreationsinc.com	Pool building	Tulsa	OK	confirmed	(918) 289-0779
Atlantis Pools & Spas	service@bestpoolguys.com	atlantispoolsandspasinc.com	Pool building	Tulsa	OK	confirmed	(918) 641-1100
Tulsa Custom Pools	info@tulsacustompools.com	tulsacustompools.com	Pool building	Tulsa	OK	convention	(918) 250-0005
Sierra Pools and Spas	info@sierrapoolsandspas.com	sierrapoolsandspas.com	Pool building	Tulsa	OK	convention	(918) 884-8427
Arnold Dental	info@lexingtonsmiles.com	cosmeticdentistryoflexington.com	Cosmetic dentistry	Lexington	KY	confirmed	(859) 269-1000
Broadway Family & Cosmetic Dentistry	info@thelexingtonkydentists.com	thelexingtonkydentists.com	Cosmetic dentistry	Lexington	KY	convention	(859) 253-3242
Lexington Family Dentistry	info@lexingtonfamilydentistry.org	lexingtonfamilydentistry.org	Cosmetic dentistry	Lexington	KY	convention	(859) 263-0550
Dentistry Plus Lexington	info@dentistrypluslexington.com	dentistrypluslexington.com	Cosmetic dentistry	Lexington	KY	convention	(859) 263-1818
Audubon Dental & Implant Center	info@audubondentalcenter.com	audubondentalcenter.com	Cosmetic dentistry	Lexington	KY	convention	(859) 252-5220
Davis Custom Homes	info@davis-custom-homes.com	davis-custom-homes.com	Custom home building	Omaha	NE	convention	(402) 706-1814
Story Homes Omaha	info@storyhomesomaha.com	storyhomesomaha.com	Custom home building	Omaha	NE	convention	(402) 305-4031
Mercury Builders	info@mercurybuilders.com	mercurybuilders.com	Custom home building	Omaha	NE	convention	(402) 689-1423
Unique Custom Home Plans	contact@uniquecustomhomeplans.com	uniquecustomhomeplans.com	Custom home building	Omaha	NE	confirmed	(402) 672-0419
Quest Custom Homes	info@questhomesomaha.com	questhomesomaha.com	Custom home building	Omaha	NE	convention	(402) 758-1805
Nielsen Custom Homes	info@nielsencustomhomes.com	nielsencustomhomes.com	Custom home building	Omaha	NE	convention	(402) 426-2059
Nuyu Med Spa	info@nuyumedspanm.com	nuyumedspanm.com	Med spa	Albuquerque	NM	confirmed	(505) 681-6657
Reverse MedEsthetics and Health Spa	info@reversemedicalspaabq.com	reversemedicalspaabq.com	Med spa	Albuquerque	NM	confirmed	(505) 377-4581
ABQ Medical Spa	ABQmedicalSpa@gmail.com	medspaalbuquerque.com	Med spa	Albuquerque	NM	confirmed	(505) 433-3072
WSNM Med Spa	info@wsnmmedspa.com	wsnmmedspa.com	Med spa	Albuquerque	NM	convention	(505) 314-1444
Bair Medical Spa	info@bairmedicalspa.com	bairmedicalspa.com	Med spa	Albuquerque	NM	convention	(505) 881-1532
ImproveAmerica	info@improveamericainc.com	improveamericainc.com	Kitchen and bath remodeling	Chattanooga	TN	convention	(423) 622-0888
Parsons Custom Builders	info@parsonscustombuilders.com	parsonscustombuilders.com	Custom home building	Spokane	WA	confirmed	(509) 928-9008
Terra Homes	info@myterrahomes.com	myterrahomes.com	Custom home building	Spokane	WA	convention	(509) 477-9153
Diamond Homes	info@diamondhomeswa.com	diamondhomeswa.com	Custom home building	Spokane	WA	convention	(509) 998-0978
A Plus Lawn & Landscape	info@apluslawn.com	apluslawn.com	Landscape design build	Des Moines	IA	convention	(515) 289-2020
Iowa Landscape Group	admin@iowalg.com	iowalandscapegroup.com	Landscape design build	Des Moines	IA	confirmed	(515) 979-9781
ETCH Outdoor Living	info@etchoutdoor.com	etchoutdoor.com	Landscape design build	Des Moines	IA	convention	(515) 735-3338
Brilliant Borders Landscaping	info@brilliantborders.com	brilliantborders.com	Landscape design build	Des Moines	IA	convention	(515) 664-6205
Bugle Construction	info@bugleconstruction.com	bugleconstructionanddecking.com	Custom home building	Spokane	WA	confirmed	(208) 457-7150
Savvy Skin Medical Aesthetics	info@savvyskinmedspa.com	savvyskinmedspa.com	Med spa	Savannah	GA	confirmed	(912) 351-9229
Essential Me Aesthetics and Wellness	team@essentialmespa.com	essentialmespa.com	Med spa	Savannah	GA	confirmed	(912) 922-3854
Park Aesthetics	info@theparkaesthetics.com	theparkaesthetics.com	Med spa	Savannah	GA	convention	(912) 376-0761
E'Lan Vital Medical Spa	info@elanvitalmedspa.com	elanvitalmedspa.com	Med spa	Savannah	GA	convention	(912) 910-9010
Aesthetically Savy Wellness MedSpa	info@aestheticallysavy.com	aestheticallysavy.com	Med spa	Savannah	GA	convention	(912) 472-1144
Reno Custom Pools	info@renocustompools.com	renocustompools.com	Pool building	Reno	NV	convention	(775) 227-6620
Robert Allen Pools & Spas	info@robertallenpoolsandspas.com	robertallenpoolsandspas.com	Pool building	Reno	NV	convention	(775) 323-7665
Terra Firma Construction	info@terrafirmanv.com	terrafirmanv.com	Pool building	Reno	NV	convention	(775) 677-1008
Crescent Family & Cosmetic Dentistry	info@crescentdentistrysc.com	crescentdentistrysc.com	Cosmetic dentistry	Columbia	SC	convention	(803) 784-1304
Killian Road Dental Care	info@killianroaddentalcare.com	killianroaddentalcare.com	Cosmetic dentistry	Columbia	SC	convention	(803) 814-0102
Family Dental Care of Spring Valley	info@springvalleydentist.com	springvalleydentist.com	Cosmetic dentistry	Columbia	SC	convention	(803) 788-0360
River Oaks Advanced Dentistry	info@riveroaksadvanceddentistry.com	riveroaksadvanceddentistry.com	Cosmetic dentistry	Columbia	SC	convention	(803) 731-9556
Smile Columbia Dentistry	info@smilecolumbia.com	smilecolumbia.com	Cosmetic dentistry	Columbia	SC	convention	(803) 781-9090
Northern Landscaping Services	info@fortcollinslandscapeservice.com	fortcollinslandscapeservice.com	Landscape design build	Fort Collins	CO	convention	(970) 305-3514
Bath Landscape Design	info@bathlandscapedesign.com	bathlandscapedesign.com	Landscape design build	Fort Collins	CO	convention	(970) 488-1707
Garden Art Landscaping	info@gardenartfortcollins.com	gardenartfortcollins.com	Landscape design build	Fort Collins	CO	convention	(970) 490-6168
Dygert Landscape & Construction	gregdygert@gmail.com	dygertlandscapeandconstruction.com	Landscape design build	Fort Collins	CO	confirmed	(970) 567-7531
Linden Leaf Landscapes	info@lindenleaflandscapes.com	lindenleaflandscapes.com	Landscape design build	Fort Collins	CO	convention	(970) 232-8892
Zak George Landscaping	info@zakgeorgelandscaping.com	zakgeorgelandscaping.com	Landscape design build	Fort Collins	CO	convention	(970) 519-2153
Richmond Kitchen Remodeling	richmondkitchenremodeling@outlook.com	richmondkitchenremodeling.com	Kitchen and bath remodeling	Richmond	VA	confirmed	(804) 351-5127
Classic Kitchens of Virginia	info@classickitchensofva.com	classickitchensofva.com	Kitchen and bath remodeling	Richmond	VA	convention	(804) 784-5075
R.J. Tilley	info@rjtilley.com	rjtilley.com	Kitchen and bath remodeling	Richmond	VA	convention	(804) 979-2525
Classic Construction	info@classicconstructionext.com	classicconstructionext.com	Kitchen and bath remodeling	Richmond	VA	convention	(804) 794-5690
Scott Hedrick Construction	scott@scotthedrick.com	scotthedrick.com	Custom home building	Boise	ID	confirmed	(208) 345-5800
Acadia Building Co	info@acadiabc.com	acadiabuildingco.com	Custom home building	Boise	ID	confirmed	(208) 608-9669
Vantage Homes Idaho	info@idahovantage.com	idahovantage.com	Custom home building	Boise	ID	convention	(208) 994-2805
Superior Custom Homes	info@superiorcustomhomes.com	superiorcustomhomes.com	Custom home building	Boise	ID	convention	(208) 254-5255
KJ Custom Builders	info@kjcustombuilders.com	kjcustombuilders.com	Custom home building	Boise	ID	convention	(208) 590-0719
Rigg Construction	info@riggcon.com	riggcon.com	Custom home building	Boise	ID	convention	(208) 577-1431
Doctors MedSpa	info@drsmedspa.com	drmimilee.com	Med spa	Little Rock	AR	confirmed	(501) 661-1234
The Rock Med Spa	spa@therockmedical.com	therockmedspa.com	Med spa	Little Rock	AR	confirmed	(501) 502-0040
Lotus Luxe Med Spa	contact@lotusluxemedspa.com	lotusluxemedspa.com	Med spa	Little Rock	AR	confirmed	(501) 400-7007
Wright Plastic Surgery & Med Spa	info@drwrightplasticsurgery.com	drwrightplasticsurgery.com	Med spa	Little Rock	AR	convention	(501) 575-0088
Exhale Med Spa	info@littlerockcosmeticsurgery.com	littlerockcosmeticsurgery.com	Med spa	Little Rock	AR	convention	(501) 227-0707
Fishel Pools	info@fishelpools.com	fishelpools.com	Pool building	Springfield	MO	convention	(417) 886-6699
Probuilt Pool & Patio	springfield@probuiltpatio.com	probuiltpatio.com	Pool building	Springfield	MO	confirmed	(417) 505-4322
Creative Pool Concepts	info@creativepoolconcepts.com	creativepoolconcepts.com	Pool building	Springfield	MO	convention	(417) 360-1776
Syracuse Bathrooms	info@syracusebathrooms.com	syracusebathrooms.com	Kitchen and bath remodeling	Syracuse	NY	convention	(315) 288-6482
CRG Remodeling	info@housebliss.net	housebliss.net	Kitchen and bath remodeling	Syracuse	NY	convention	(315) 420-0321
Noblet Cosmetic & Family Dentistry	info@nobletdentistry.com	nobletdentistry.com	Cosmetic dentistry	Mobile	AL	convention	(251) 342-5323
Spring Hill Dental Health Center	info@alabama-dentist.com	alabama-dentist.com	Cosmetic dentistry	Mobile	AL	convention	(251) 343-1521
Mobile Family Dentistry	info@mobilefamilydentistry.com	mobilefamilydentistry.com	Cosmetic dentistry	Mobile	AL	convention	(251) 661-6100
Serenity Dental of Mobile	info@serenitydentalofmobile.com	serenitydentalofmobile.com	Cosmetic dentistry	Mobile	AL	convention	(251) 479-5157
Rogers Dentistry	office@rogersdmd.com	rogersdmd.com	Cosmetic dentistry	Mobile	AL	confirmed	(251) 344-7096
South Alabama Smiles	info@soalsmiles.com	soalsmiles.com	Cosmetic dentistry	Mobile	AL	convention	(251) 298-1008
Maitre & Crabtree Dental	info@mobilealabamadentistry.com	mobilealabamadentistry.com	Cosmetic dentistry	Mobile	AL	convention	(251) 343-1007
Vivaz Medical Spa	vivaz@sanfordhealth.org	vivazmedicalspa.com	Med spa	Sioux Falls	SD	confirmed	(605) 328-9770
KJ Relaxin Medical Spa	info@kjrelaxinmedicalspa.com	kjrelaxinmedicalspa.com	Med spa	Sioux Falls	SD	convention	(605) 799-3644
Vahue Custom Homes	info@vahuecustomhomes.com	vahuecustomhomes.com	Custom home building	Wilmington	NC	confirmed	(910) 352-6799
Stier Construction Company	info@builderswilmingtonnc.com	builderswilmingtonnc.com	Custom home building	Wilmington	NC	convention	(910) 264-1410
Hagood Homes	info@hagoodhomes.com	hagoodhomes.com	Custom home building	Wilmington	NC	convention	(910) 444-1122
McReynolds Horticulture and Design	percy@mcreynoldshorticulture.com	mcreynoldshorticulture.com	Landscape design build	Knoxville	TN	confirmed	(865) 356-7050
Wild West Landscape Designs	info@wildwest-landscapedesigns.com	wildwest-landscapedesigns.com	Landscape design build	Knoxville	TN	convention	(865) 448-5155
Landscapers of Knoxville	info@itsthelandscapers.com	itsthelandscapers.com	Landscape design build	Knoxville	TN	convention	(865) 217-6003
Diba Med Spa	diba@dibamedspa.com	dibamedspa.com	Med spa	Fresno	CA	confirmed	(559) 540-0000
Kiss Me Med Spa	info@kissmemedspa.com	kissmemedspa.com	Med spa	Fresno	CA	convention	(559) 838-0500
Awaken Aesthetics & Anti-Aging	info@awakenfresno.com	awakenfresno.com	Med spa	Fresno	CA	convention	(559) 712-0120
Spectrum Health Medical Spa	info@spectrumhealthmedspa.com	spectrumhealthmedspa.com	Med spa	Fresno	CA	convention	(559) 234-2360
La Peau Spa	info@lapeauspafresno.com	lapeauspafresno.com	Med spa	Fresno	CA	convention	(559) 447-1354
Aspire Medispa	info@medispafresno.com	medispafresno.com	Med spa	Fresno	CA	convention	(559) 435-8477
DreamMaker Bath & Kitchen of Bakersfield	info@dreammakerbakersfield.com	dreammakerbakersfield.com	Kitchen and bath remodeling	Bakersfield	CA	convention	(661) 837-1117
Pioneer Construction Company	info@pioneerroofingsidingwindows.com	pioneerroofingsidingwindows.com	Kitchen and bath remodeling	Bakersfield	CA	convention	(661) 747-5568
Sorci Construction Services	info@sorciconstruction.com	sorciconstruction.com	Kitchen and bath remodeling	Bakersfield	CA	convention	(844) 385-9585
Hardt Construction	info@hardtconstruction.biz	hardtconstruction.biz	Kitchen and bath remodeling	Bakersfield	CA	convention	(661) 333-7541
Green Lawn Augusta	info@greenlawnaugusta.com	greenlawnaugusta.com	Landscape design build	Augusta	GA	convention	(706) 414-1163
Verdant Landscape	info@verdantlandscape.com	verdantlandscape.com	Landscape design build	Augusta	GA	convention	(803) 335-5028
Cutting Edge Augusta	info@cuttingedgeaugusta.com	cuttingedgeaugusta.com	Landscape design build	Augusta	GA	convention	(706) 231-8594
Between The Edges	tracy@betweentheedges.com	betweentheedges.com	Landscape design build	Augusta	GA	confirmed	(803) 278-1888
Willow Creek Outdoor Management	info@willowcreekoutdoors.com	willowcreekoutdoors.com	Landscape design build	Augusta	GA	convention	(706) 829-6004
Augusta Landscaping	info@augustalandscaping.com	augustalandscaping.com	Landscape design build	Augusta	GA	convention	(706) 739-8085
The Spa Lubbock	info@thespalubbock.com	thespalubbock.com	Med spa	Lubbock	TX	confirmed	(806) 701-5840
American Laser Med Spa Lubbock	lubbock@americanlaser-medspa.com	americanlasermedspa.com	Med spa	Lubbock	TX	confirmed	(806) 793-7700
Paradise Med Spas of Texas	info@paradisemedspas.com	paradisemedspas.com	Med spa	Lubbock	TX	convention	(806) 785-7727
The MedSpa at Lubbock Plastic Surgery Institute	info@lpsitexas.com	lpsitexas.com	Med spa	Lubbock	TX	convention	(806) 701-2602
Splash Custom Pools and Spas	contact@splashcustompools.com	splashcustompools.com	Pool building	Green Bay	WI	confirmed	(920) 465-8100
Cherrytree Kitchens	info@cherrytreekitchens.com	cherrytreekitchens.com	Kitchen and bath remodeling	Peoria	IL	confirmed	(309) 897-2030
The Bath Connection	thebathconnection@yahoo.com	the-bathconnection.com	Kitchen and bath remodeling	Peoria	IL	confirmed	(309) 685-5405
Kitchen & Bath Specialties by Contractors Plus	joelaverdiere@yahoo.com	peoriabathremodeling.com	Kitchen and bath remodeling	Peoria	IL	confirmed	(309) 208-7211
Fresh Paint Renovations	info@freshpaintrenovations.com	freshpaintrenovations.com	Kitchen and bath remodeling	Peoria	IL	convention	(309) 214-7744
Taylor Construction and Remodeling	info@taylorconstructionandremodeling.com	taylorconstructionandremodeling.com	Kitchen and bath remodeling	Peoria	IL	convention	(309) 893-1870
