1st Choice Pools	firstchoicepools@live.com	tucsonpoolbuilder.com	Pool building	Tucson	AZ	confirmed
215 Mercury	info@215mercury.com	215mercury.com	Kitchen and bath remodeling	Philadelphia	PA	convention
A Beautiful You Medical Spa	info@abeautifulyoumedicalspa.com	abeautifulyoumedicalspa.com	Med spa	Memphis	TN	convention
Advances in Dentistry	info@advancesindentistry.com	advancesindentistry.com	Cosmetic dentistry	Oklahoma City	OK	convention
Affinity Dental Care	info@myaffinitydentalcare.com	myaffinitydentalcare.com	Cosmetic dentistry	Louisville	KY	convention
Alderwood Landscaping	info@alderwoodlandscaping.com	alderwoodlandscaping.com	Landscape design build	Seattle	WA	convention
Amenities Wellness Spa	info@amenitieswellnessspa.com	amenitieswellnessspa.com	Med spa	Memphis	TN	convention
Arti's Remodeling	info@artisremodeling.com	artisremodeling.com	Kitchen and bath remodeling	Philadelphia	PA	convention
Arzate Design Group	info@arzatedesigngroup.com	arzatedesigngroup.com	Pool building	Tucson	AZ	convention
B&B Pools of the Carolinas	info@bandbpoolscarolina.com	bandbpoolscarolina.com	Pool building	Charlotte	NC	convention
Beauty Deep MedSpa	info@beautydeepmedspa.com	beautydeepmedspa.com	Med spa	New Orleans	LA	convention
Bella Vita Custom Homes	info@bvchomes.com	bvchomes.com	Custom home building	Colorado Springs	CO	convention
Benchmark Homes STL	info@benchmarkhomesstl.com	benchmarkhomesstl.com	Custom home building	St. Louis	MO	convention
Birmingham Smiles	info@bhmsmiles.com	bhmsmiles.com	Cosmetic dentistry	Birmingham	AL	convention
Boston Bath Remodel	info@bostonbathremodel.com	bostonbathremodel.com	Kitchen and bath remodeling	Boston	MA	convention
Boverhof Builders	info@boverhofbuilders.com	boverhofbuilders.com	Custom home building	Grand Rapids	MI	confirmed
CLE Remodeling Co	todd@cleremodelingco.com	cleremodelingco.com	Kitchen and bath remodeling	Cleveland	OH	confirmed
Carolina Custom Pools and Landscape	info@ccpandl.com	ccpandl.com	Pool building	Charlotte	NC	confirmed
Celsius Med Spa Seattle	info@celsiusmedspa.com	celsiusmedspa.com	Med spa	Seattle	WA	convention
Classic Landscaping Seattle	info@classiclandscaping.com	classiclandscaping.com	Landscape design build	Seattle	WA	convention
Coast Landscape Design	info@coastlandscapedesign.com	coastlandscapedesign.com	Landscape design build	Tampa	FL	convention
Cook Family and Cosmetic Dentistry	info@cookdmd.com	cookdmd.com	Cosmetic dentistry	Birmingham	AL	convention
Daily View Pools	info@dailyviewpoolsllc.com	dailyviewpoolsllc.com	Pool building	Charlotte	NC	convention
Daniel Dentistry Birmingham	info@bhamdentist.com	bhamdentist.com	Cosmetic dentistry	Birmingham	AL	convention
Dentist OKC	info@dentistokc.com	dentistokc.com	Cosmetic dentistry	Oklahoma City	OK	convention
Dentist in Louisville	info@dentistinlouisville.com	dentistinlouisville.com	Cosmetic dentistry	Louisville	KY	convention
Earth Ideas Landscaping	info@earthideaslandscaping.com	earthideaslandscaping.com	Landscape design build	Houston	TX	convention
Elassal Family Dentistry	info@elassalfamilydentistry.com	elassalfamilydentistry.com	Cosmetic dentistry	Oklahoma City	OK	convention
Element MedSpa Capitol Hill	info@elementmedicalspa.com	elementmedicalspa.com	Med spa	Seattle	WA	confirmed
Elite Smiles of Louisville	info@elitesmileslou.com	elitesmileslou.com	Cosmetic dentistry	Louisville	KY	convention
Family Dental 502	info@familydental502.com	familydental502.com	Cosmetic dentistry	Louisville	KY	convention
FiveSTAR Landscape	info@houstonfivestar.com	houstonfivestar.com	Landscape design build	Houston	TX	convention
Glow Medispa	info@glowspaseattle.com	glowspaseattle.com	Med spa	Seattle	WA	confirmed
Grand Vista Pools	info@grandvistapools.com	grandvistapools.com	Pool building	Tampa	FL	convention
Greystone Smile Design	info@greystonesmiledesign.com	greystonesmiledesign.com	Cosmetic dentistry	Birmingham	AL	convention
Hardeman Landscape	info@hardemanlandscape.com	hardemanlandscape.com	Landscape design build	Tampa	FL	convention
Hibbs Luxury Homes	info@hibbshomesusa.com	hibbshomesusa.com	Custom home building	St. Louis	MO	convention
Houston Landscape Pros	sales@houstonlandscapepros.com	houstonlandscapepros.com	Landscape design build	Houston	TX	confirmed
Inverness Smiles	info@invernesssmiles.com	invernesssmiles.com	Cosmetic dentistry	Birmingham	AL	convention
Jeffrey Homes	info@jeffreyhomesllc.com	jeffreyhomesllc.com	Custom home building	St. Louis	MO	convention
Jim Turner Family Dentistry	info@jimturnerfamilydentistry.com	jimturnerfamilydentistry.com	Cosmetic dentistry	Birmingham	AL	convention
Keselman Group	info@keselmangroup.com	keselmangroup.com	Kitchen and bath remodeling	Cleveland	OH	convention
Kitchen Bath Remodeling Boston	info@kitchenbathremodelingboston.com	kitchenbathremodelingboston.com	Kitchen and bath remodeling	Boston	MA	convention
LA COSMEDIC	info@lacosmedic.com	lacosmedic.com	Med spa	New Orleans	LA	convention
Laird Landscaping	info@lairdlandscaping.com	lairdlandscaping.com	Landscape design build	Houston	TX	convention
Lombardo Pools	info@lombardopools.com	lombardopools.com	Pool building	Charlotte	NC	convention
Mariposa Salon and Spa	info@mariposasalonandspa.com	mariposasalonandspa.com	Med spa	New Orleans	LA	confirmed
Martin Kitchen and Bath	info@martinkitchenandbath.com	martinkitchenandbath.com	Kitchen and bath remodeling	Quincy	MA	convention
MasterBilt Homes	info@masterbilt.com	masterbilt.com	Custom home building	Colorado Springs	CO	convention
Medscapes	info@medscapes.net	medscapes.net	Landscape design build	Tampa	FL	convention
Medspa of Seattle	info@medspaofseattle.com	medspaofseattle.com	Med spa	Seattle	WA	convention
My OKC Dentist	info@myokcdentist.com	myokcdentist.com	Cosmetic dentistry	Oklahoma City	OK	convention
Natural Smiles KY	info@naturalsmilesky.com	naturalsmilesky.com	Cosmetic dentistry	Louisville	KY	convention
Natural Wonders Landscaping	info@houstonlandscaper.org	houstonlandscaper.org	Landscape design build	Houston	TX	confirmed
Norfolk Kitchen and Bath	info@norfolkkitchenandbath.com	norfolkkitchenandbath.com	Kitchen and bath remodeling	Boston	MA	convention
OKC Dental Arts	info@okcdentalarts.com	okcdentalarts.com	Cosmetic dentistry	Oklahoma City	OK	convention
OKC Smiles	info@okcsmiles.com	okcsmiles.com	Cosmetic dentistry	Oklahoma City	OK	convention
Omni Pool Builders	info@omnipoolbuilders.com	tucsonpoolbuilders.com	Pool building	Tucson	AZ	confirmed
Onorato Landscape Design	info@onoratoslandscapedesign.com	onoratoslandscapedesign.com	Landscape design build	Tampa	FL	confirmed
Ozoned Studio Med Spa	lakeview@theozonedstudio.com	theozonedstudio.com	Med spa	New Orleans	LA	confirmed
Paramount Homes Colorado	info@paramounthomescolorado.com	paramounthomescolorado.com	Custom home building	Colorado Springs	CO	convention
Park Vista Builders	gparsons@parkvistabuilders.com	parkvistabuilders.com	Custom home building	Colorado Springs	CO	confirmed
Patio Pools Tampa	info@patiopools.com	patiopools.com	Pool building	Tampa	FL	convention
Penn Kitchen and Bath	info@pennkitchenandbath.com	pennkitchenandbath.com	Kitchen and bath remodeling	Philadelphia	PA	convention
Philly Kitchen and Bath	info@phillykitchenandbathllc.com	phillykitchenandbathllc.com	Kitchen and bath remodeling	Philadelphia	PA	convention
PoolScapes of Charlotte	info@poolsofcharlotte.com	poolsofcharlotte.com	Pool building	Charlotte	NC	confirmed
Presidential Pools and Spas	info@presidentialpools.com	presidentialpools.com	Pool building	Tucson	AZ	confirmed
Prestige Custom Homes	info@prestigech.com	prestigech.com	Custom home building	St. Louis	MO	convention
Pro Remodeling Cleveland	info@clevelandremodelingpro.com	clevelandremodelingpro.com	Kitchen and bath remodeling	Cleveland	OH	convention
Reeves Cosmetic Dentistry	info@toddreevesdmd.com	toddreevesdmd.com	Cosmetic dentistry	Birmingham	AL	convention
Reflections Dental Care	info@reflectionsdentalcare.com	reflectionsdentalcare.com	Cosmetic dentistry	Oklahoma City	OK	convention
Regency Design and Build	info@regencydesignandbuild.com	regencydesignandbuild.com	Kitchen and bath remodeling	Cleveland	OH	convention
Rejuvene Med Spa and Wellness	info@rejuvenemedspa.com	rejuvenemedspa.com	Med spa	New Orleans	LA	convention
Remodeling Boston	info@remodelingboston.com	remodelingboston.com	Kitchen and bath remodeling	Arlington	MA	convention
Ring Family Dentistry	info@ringfamilydentistry.com	ringfamilydentistry.com	Cosmetic dentistry	Oklahoma City	OK	convention
River City Family Dentistry	info@rivercityfamilydentistry.org	rivercityfamilydentistry.org	Cosmetic dentistry	Louisville	KY	convention
Rothwell Dentistry	info@rothwelldentistry.com	rothwelldentistry.com	Cosmetic dentistry	Oklahoma City	OK	convention
Royalty Wellness Spa	appointment@royaltywellnessspa.com	royaltywellnessspa.com	Med spa	Memphis	TN	confirmed
Rutheo Designs	connect@rutheodesigns.com	rutheodesigns.com	Landscape design build	Seattle	WA	confirmed
Saddletree Homes	info@saddletreehomes.com	saddletreehomes.com	Custom home building	Colorado Springs	CO	convention
Schultz Builders	info@schultzbuilders.com	schultzbuilders.com	Custom home building	Grand Rapids	MI	convention
Seattle Landscapes	info@seattlelandscapes.com	seattlelandscapes.com	Landscape design build	Seattle	WA	convention
Skin Body Health	info@skinbodyhealth.com	skinbodyhealth.com	Med spa	New Orleans	LA	confirmed
Skinlogic Med Spa	info@skinlogicmedspa.com	skinlogicmedspa.com	Med spa	Seattle	WA	confirmed
Smart Pool Builders	info@smartpoolsbuilder.com	smartpoolsbuilder.com	Pool building	Tucson	AZ	convention
Smiles of Louisville	info@smilesoflouisville.com	smilesoflouisville.com	Cosmetic dentistry	Louisville	KY	convention
Sneed Medispa and Wellness	info@sneedmedispa.com	sneedmedispa.com	Med spa	Memphis	TN	convention
Spaces Designer Homes	info@spacesdesignerhomes.com	spacesdesignerhomes.com	Custom home building	Grand Rapids	MI	convention
Springhurst Dentistry	info@springhurstdentistry.com	springhurstdentistry.com	Cosmetic dentistry	Louisville	KY	convention
Springhurst Hills Dentistry	info@springhursthillsdentistry.com	springhursthillsdentistry.com	Cosmetic dentistry	Louisville	KY	convention
Stauffer and Sons Construction	info@staufferandsons.com	staufferandsons.com	Custom home building	Colorado Springs	CO	convention
Stockell Homes	info@stockellhomes.com	stockellhomes.com	Custom home building	St. Louis	MO	convention
TMC Custom Pools	info@tmcpools.com	tmcpools.com	Pool building	Tucson	AZ	convention
TR Design Build	info@totalrestorepro.com	totalrestorepro.com	Kitchen and bath remodeling	Cleveland	OH	convention
Tampa Landscape Design and Architect Co	info@tampalandscapedesignarchitectco.com	tampalandscapedesignarchitectco.com	Landscape design build	Tampa	FL	convention
Tampa Landscape Pros	info@tampalandscapepros.com	tampalandscapepros.com	Landscape design build	Tampa	FL	convention
Tara Custom Homes	info@taracustomhomes.com	taracustomhomes.com	Custom home building	Colorado Springs	CO	convention
Texan Landscape Group	info@landscapedesignhouston.com	landscapedesignhouston.com	Landscape design build	Houston	TX	convention
The Bath Builders	info@thebathbuilders.com	thebathbuilders.com	Kitchen and bath remodeling	Cleveland	OH	convention
The Pool Builder of Charlotte	info@poolbuilderofcharlotte.com	poolbuilderofcharlotte.com	Pool building	Charlotte	NC	convention
Three R Construction	info@threerconstruction.com	threerconstruction.com	Kitchen and bath remodeling	Philadelphia	PA	convention
Tommy Todd Landscape and Design	info@tommytoddlandscape.com	tommytoddlandscape.com	Landscape design build	Tampa	FL	convention
Trail's End Homebuilders	info@tebuilders.com	tebuilders.com	Custom home building	Colorado Springs	CO	convention
Trimen Landscape	info@trimenlandscape.com	trimenlandscape.com	Landscape design build	Tampa	FL	convention
TruBuilt Builders MI	info@trubuiltbuildersmi.com	trubuiltbuildersmi.com	Custom home building	Grand Rapids	MI	convention
Urban Oasis Design and Construction	info@urbanoasisllc.com	urbanoasisllc.com	Landscape design build	Seattle	WA	convention
VS Remodeling Boston	info@vsremodelingboston.com	vsremodelingboston.com	Kitchen and bath remodeling	Boston	MA	convention
Vitality Medi Spa Queen Anne	info@vitalityqueenanne.com	vitalityqueenanne.com	Med spa	Seattle	WA	confirmed
Wahoo Pools	info@wahoopools.com	wahoopools.com	Pool building	Tampa	FL	convention
Woods Builders	info@woodsbuildershomes.com	woodsbuildershomes.com	Custom home building	Grand Rapids	MI	convention
You Renewed	info@yourenewedpnw.com	yourenewedpnw.com	Med spa	Seattle	WA	convention
dRemodeling	info@dremodeling.com	dremodeling.com	Kitchen and bath remodeling	Philadelphia	PA	convention
de la Belle Wellness and Spa	info@delabelle.net	delabelle.net	Med spa	Germantown	TN	convention
