12 Oaks Dental		Cosmetic dentistry	Austin	TX
41 West	41west.com	Custom home building	Naples	FL
4Ever Young Med Spa & Wellness		Med spa	Boca Raton	FL
61Five Health & Wellness		Med spa	Nashville	TN
A1 Building Concepts		Kitchen and bath remodeling	Denver	CO
AIR Kitchen and Bath	airkitchenandbath.com	Kitchen and bath remodeling	Atlanta	GA
Advanced Fertility Center of Chicago	advancedfertility.com	Fertility clinic	Chicago	IL
Aeris Plastic Surgery	aeris.co	Plastic surgery	Miami	FL
Aesthetica Med Spa		Med spa	Austin	TX
Alair Homes Dallas		Custom home building	Dallas	TX
Alani Skin MD		Med spa	Scottsdale	AZ
Alford Homes	alfordhomes.com	Custom home building	Dallas	TX
Alpers Family & Cosmetic Dentistry	alpersdentistry.com	Cosmetic dentistry	Scottsdale	AZ
Alterra Landscape Design	alterradesignllc.com	Landscape design build	Dallas	TX
Amaka Aesthetics		Med spa	Nashville	TN
Angel Reyes & Associates		Personal injury law	Dallas	TX
Ann Webb Skin Clinic		Med spa	Austin	TX
Anthony & Sylvan Pools	anthonysylvan.com	Pool building	Austin	TX
Apex Homes		Custom home building	Denver	CO
AquaPools		Pool building	Austin	TX
Aquatic Pools and Spas	aquaticpoolaz.com	Pool building	Phoenix	AZ
Arcadia Custom Builders	arcadiabuildersllc.com	Custom home building	Scottsdale	AZ
Arizona Injury Law Group		Personal injury law	Phoenix	AZ
Ary Krau MD	arykraumd.com	Plastic surgery	Miami	FL
Aspire Dental Wellness	aspiredw.com	Cosmetic dentistry	Charlotte	NC
Athena Pools		Pool building	Austin	TX
Atlanta Plastic & Reconstructive Specialists		Plastic surgery	Atlanta	GA
Austin Artistic Dental		Cosmetic dentistry	Austin	TX
Austin Cosmetic Dentistry		Cosmetic dentistry	Austin	TX
Austin Kitchen and Bath		Kitchen and bath remodeling	Austin	TX
Avana Plastic Surgery		Plastic surgery	Miami	FL
BCB Homes	bcbhomes.com	Custom home building	Naples	FL
BLUE Landscape & Outdoor Solutions	bluelandscape.com	Landscape design build	Naples	FL
Ballantyne Center for Dentistry		Cosmetic dentistry	Charlotte	NC
Beautify Spa	lovebeautify.com	Med spa	Scottsdale	AZ
Beauty Boost Med Spa	beautyboostmedspa.com	Med spa	Newport Beach	CA
Beck Building Company		Custom home building	Boulder	CO
Bella Custom Homes		Custom home building	Dallas	TX
Belle Meade Medical Spa		Med spa	Nashville	TN
Belterra Dental	belterradentalatx.com	Cosmetic dentistry	Austin	TX
BioSpa		Med spa	Newport Beach	CA
Blue Horse Construction		Kitchen and bath remodeling	Denver	CO
Blume Skin & Body		Med spa	Scottsdale	AZ
Body Tonic Aesthetics & Wellness		Med spa	Austin	TX
Borelli Construction of Naples	borelliconstructionofnaples.com	Custom home building	Naples	FL
Boxwell Homes	boxwellhomes.com	Custom home building	Scottsdale	AZ
Boys Arnold Wealth Management		Wealth management	Charlotte	NC
Brady Family Dentistry	bradyfamilydentistry.com	Cosmetic dentistry	Charlotte	NC
Bragg Financial Advisors		Wealth management	Charlotte	NC
Buckhead Plastic Surgery		Plastic surgery	Atlanta	GA
Butler Kahn		Personal injury law	Atlanta	GA
CG Cosmetic Surgery	cgcosmetic.com	Plastic surgery	Miami	FL
Cadre General Contractors		Custom home building	Denver	CO
California Pools & Landscape		Pool building	Phoenix	AZ
Calvis Wyant Luxury Homes	calviswyant.com	Custom home building	Scottsdale	AZ
Campanile Plastic Surgery		Plastic surgery	Denver	CO
Canvas Skin		Med spa	Nashville	TN
Capital State Remodel		Kitchen and bath remodeling	Austin	TX
Capraro Plastic Surgery		Plastic surgery	Denver	CO
Carmel Homes Design Group	luxuryhomebuildersscottsdale.com	Custom home building	Scottsdale	AZ
Cascade Custom Pools		Pool building	Austin	TX
Castle Homes		Custom home building	Nashville	TN
Catalyst Construction		Kitchen and bath remodeling	Austin	TX
Celebrity Homes		Custom home building	Scottsdale	AZ
Charlotte Center for Cosmetic Dentistry		Cosmetic dentistry	Charlotte	NC
Charlotte Dental Arts	charlottedentalarts.com	Cosmetic dentistry	Charlotte	NC
Charlotte Skin & Laser		Med spa	Charlotte	NC
Chicago IVF	chicagoivf.com	Fertility clinic	Chicago	IL
Classica Homes	classicahomes.com	Custom home building	Charlotte	NC
Clint Newman DDS	clintnewmandds.com	Cosmetic dentistry	Nashville	TN
Cody Pools	codypools.com	Pool building	Austin	TX
Cole Cosmetic Surgery	atlplasticsurgeon.com	Plastic surgery	Atlanta	GA
Colony Family Offices		Wealth management	Charlotte	NC
Colorado Facial Plastic Surgery	cofps.com	Plastic surgery	Denver	CO
Copper Builders		Custom home building	Charlotte	NC
Coral Gables Cosmetic Dentist	coralgablescosmeticdentist.com	Cosmetic dentistry	Coral Gables	FL
Coral Gables Dentistry	coralgablesdentistry.com	Cosmetic dentistry	Coral Gables	FL
Cosmetic Dentistry of the Carolinas	cosmeticdentistofcharlotte.com	Cosmetic dentistry	Charlotte	NC
Crestone Capital		Wealth management	Denver	CO
Crites Custom Pools		Pool building	Austin	TX
DHH Med Spa	dhhmedspa.com	Med spa	Scottsdale	AZ
Dallas Laser Dentistry	dallascosmeticdentist.us	Cosmetic dentistry	Dallas	TX
Dallas Plastic Surgery Institute		Plastic surgery	Dallas	TX
Davis Properties		Custom home building	Nashville	TN
DeLozier Cosmetic Surgery Center		Plastic surgery	Nashville	TN
DeSanctis Homes	desanctishomes.com	Custom home building	Naples	FL
Dental Cosmetic Spa	dentalcosmeticspa.com	Cosmetic dentistry	Coral Gables	FL
Dental Studio 101	dentalstudio101.com	Cosmetic dentistry	Scottsdale	AZ
DermFx		Med spa	Newport Beach	CA
DermPartners Boca Raton	dermpartnersbocaraton.com	Cosmetic dermatology	Boca Raton	FL
Derma Health Skin & Laser		Med spa	Scottsdale	AZ
Desco Fine Homes	descohomes.com	Custom home building	Dallas	TX
Desert Star Construction	desertstarconstruction.com	Custom home building	Scottsdale	AZ
Devenir Aesthetics		Med spa	Austin	TX
Dilworth Dermatology & Laser		Med spa	Charlotte	NC
Divorce and Family Solutions		Family law	Bellevue	WA
Dolphin Pools Construction	dolphinpools.us	Pool building	Scottsdale	AZ
Douglas Family Dentistry	douglasfamilydentistry.com	Cosmetic dentistry	Scottsdale	AZ
Dr. Amy Alderman Plastic Surgery	dramyalderman.com	Plastic surgery	Atlanta	GA
Dr. J. J. Wendel Plastic Surgery	drjjwendel.com	Plastic surgery	Nashville	TN
Dr. Mark Plastic Surgery	drmarkplasticsurgery.com	Plastic surgery	Scottsdale	AZ
Dvida Spa		Med spa	Chicago	IL
East Nashville Aesthetic and Implant Dentistry	eastnashvilledentistry.com	Cosmetic dentistry	Nashville	TN
ElaMar Nashville		Med spa	Nashville	TN
Enamel Dentistry South Lamar		Cosmetic dentistry	Austin	TX
Envision Family Law	envisionfamilylaw.com	Family law	Bellevue	WA
Everett Custom Homes		Custom home building	Charlotte	NC
FD Remodeling Atlanta		Kitchen and bath remodeling	Atlanta	GA
Factor Design Build	factordesignbuild.com	Custom home building	Denver	CO
Farber Plastic Surgery	farberplasticsurgery.com	Plastic surgery	Boca Raton	FL
Ferrer & Gonzalez		Personal injury law	Miami	FL
Floridian Pools	floridianinc.com	Pool building	Naples	FL
Fox Injury Law		Personal injury law	Atlanta	GA
Fratantoni Luxury Estates	fratantoniluxuryestates.com	Custom home building	Scottsdale	AZ
Frieder Dermatology	friederdermatology.com	Cosmetic dermatology	Boca Raton	FL
Gallardo Law Firm		Personal injury law	Miami	FL
Garcia-Mayoral Dentistry	garciamayoraldentistry.com	Cosmetic dentistry	Coral Gables	FL
Gather & Spruce		Kitchen and bath remodeling	Denver	CO
Georgia In Home Services		Kitchen and bath remodeling	Atlanta	GA
Gerson & Schwartz		Personal injury law	Miami	FL
Glamor Medical		Med spa	Boca Raton	FL
Glo Medspa		Med spa	Scottsdale	AZ
Goldberg & Rosen	goldbergandrosen.com	Personal injury law	Miami	FL
Grand Endeavor Homes	grandendeavorhomes.com	Custom home building	Austin	TX
Green Hills Plastic Surgery		Plastic surgery	Nashville	TN
Grossman Law Offices		Personal injury law	Dallas	TX
Grove Park Construction		Custom home building	Nashville	TN
Guevara Renovations		Kitchen and bath remodeling	Atlanta	GA
Haley Custom Homes	haleycustomhomes.com	Custom home building	Denver	CO
Hamilton Wingo	hamiltonwingo.com	Personal injury law	Dallas	TX
Harold Leidner Landscape Architects		Landscape design build	Dallas	TX
Harris Injury Law		Personal injury law	Phoenix	AZ
Hawkins-Welwood Homes		Custom home building	Dallas	TX
Hayes Luxe Homes		Custom home building	Naples	FL
Hi Finch		Med spa	Nashville	TN
Hickey Law Firm		Personal injury law	Miami	FL
Hidden Valley Homes		Custom home building	Nashville	TN
Highland Park Dental		Cosmetic dentistry	Dallas	TX
Hillsboro Village Dental	hillsborovillagedental.com	Cosmetic dentistry	Nashville	TN
Hobgood Facial Plastic Surgery	toddhobgood.com	Plastic surgery	Scottsdale	AZ
Horizon Investments		Wealth management	Charlotte	NC
Howarth Plastic Surgery	howarthplasticsurgery.com	Plastic surgery	Scottsdale	AZ
Hydrate Medical		Med spa	Charlotte	NC
IGG Kitchen & Bathroom Remodeling		Kitchen and bath remodeling	Denver	CO
Icon MD Medical Spa + Laser Center		Med spa	Boca Raton	FL
InVia Fertility	inviafertility.com	Fertility clinic	Chicago	IL
Infinity Medspa & Wellness		Med spa	Charlotte	NC
Ingram Cosmetic Surgery		Plastic surgery	Nashville	TN
Integrity Luxury Homes		Custom home building	Scottsdale	AZ
J. Angelo Design Build	jangelodesignbuild.com	Custom home building	Austin	TX
JASPER Builds		Custom home building	Nashville	TN
Janiczek Wealth Management		Wealth management	Denver	CO
John Foy & Associates		Personal injury law	Atlanta	GA
Jon Ric Medical Spa & Wellness Center		Med spa	Charlotte	NC
KDO Kitchens and Remodeling	kdokitchensandremodeling.com	Kitchen and bath remodeling	Atlanta	GA
Kaire & Heffernan		Personal injury law	Miami	FL
Kamper & Estrada		Personal injury law	Phoenix	AZ
Katz Builders		Custom home building	Austin	TX
Kaye Lifestyle Homes		Custom home building	Naples	FL
Kelly Law Team		Personal injury law	Phoenix	AZ
LFM Construction & Remodeling		Kitchen and bath remodeling	Austin	TX
Lake Highlands Dental		Cosmetic dentistry	Dallas	TX
Landscapes of Naples	landscapesofnaples.com	Landscape design build	Naples	FL
Law Offices of Molly B. Kenny		Family law	Bellevue	WA
Legend Homes		Custom home building	Nashville	TN
Lombardo Landscaping	lombardolandscaping.com	Landscape design build	Naples	FL
Louis Pools		Pool building	Austin	TX
Luxury on Lovers		Med spa	Dallas	TX
MDSkin Lounge		Med spa	Scottsdale	AZ
Maia Wealth		Wealth management	Denver	CO
Mara's Med Spa Uptown		Med spa	Dallas	TX
MasterAZscapes	landscaper-phoenix.com	Pool building	Scottsdale	AZ
Med Boutique		Med spa	Charlotte	NC
Miami Designer Smiles	miamidesignersmiles.com	Cosmetic dentistry	Miami	FL
Midtown Family Dentistry of Dallas		Cosmetic dentistry	Dallas	TX
Midtown Smiles	midtownsmilestn.com	Cosmetic dentistry	Nashville	TN
Moderne Medical	modernemedical.com	Med spa	Scottsdale	AZ
Moore Injury Law		Personal injury law	Phoenix	AZ
Moore Landscaping	naplesluxurylandscaper.com	Landscape design build	Naples	FL
Morrison & Hughes Law		Personal injury law	Atlanta	GA
Mullen & Mullen Law Firm	mullenandmullen.com	Personal injury law	Dallas	TX
MyBath Colorado	mybathcolorado.com	Kitchen and bath remodeling	Denver	CO
Nashville Aesthetic Dentistry		Cosmetic dentistry	Nashville	TN
Nashville Med Spa NSI		Med spa	Nashville	TN
Nashville Restorative Dentistry	nashvillerestorativedentistry.com	Cosmetic dentistry	Nashville	TN
Nashville Skin Society		Med spa	Nashville	TN
Nassau Pools	nassaupools.com	Pool building	Naples	FL
New Life Plastic Surgery		Plastic surgery	Miami	FL
Nicholas Custom Homes		Custom home building	Denver	CO
North Dallas Family Dental		Cosmetic dentistry	Dallas	TX
North Texas Plastic Surgery	northtexasplasticsurgery.com	Plastic surgery	Dallas	TX
Nova Homes of South Florida		Custom home building	Naples	FL
Novare Capital Management		Wealth management	Charlotte	NC
Nuli Studios		Med spa	Dallas	TX
OC Skin Care Center		Med spa	Newport Beach	CA
Okland Facial Plastic Surgery		Plastic surgery	Denver	CO
Original Landscape Concepts	originallandscapeconcepts.com	Landscape design build	Dallas	TX
Outside Productions	opidesign.net	Landscape design build	Naples	FL
PR Builders	pr.builders	Custom home building	Boulder	CO
PURE Medical Spa		Med spa	Chicago	IL
Parsec Financial Management		Wealth management	Charlotte	NC
Peace Love Med Aesthetic Rejuvenation		Med spa	Boca Raton	FL
Pendergrass Law		Personal injury law	Atlanta	GA
Penn Carpentry		Kitchen and bath remodeling	Atlanta	GA
Perimeter Plastic Surgery	perimeterplasticsurgery.com	Plastic surgery	Atlanta	GA
Peters Custom Homes	peterscustomhomes.com	Custom home building	Charlotte	NC
Phillips Law Group	phillipslaw.com	Personal injury law	Phoenix	AZ
Phoenix Cosmetic Dental Care	phoenixcosmeticdentalcare.com	Cosmetic dentistry	Phoenix	AZ
Pike Properties		Custom home building	Charlotte	NC
Platinum Series Homes		Custom home building	Dallas	TX
Prestige Med Spa		Med spa	Charlotte	NC
Providence Dentistry		Cosmetic dentistry	Charlotte	NC
Pure Plastic Surgery		Plastic surgery	Miami	FL
R&R Construction And Renovation		Kitchen and bath remodeling	Atlanta	GA
Rafterhouse	rafterhouse.com	Custom home building	Scottsdale	AZ
Ralph's Remodeling & Painting		Kitchen and bath remodeling	Austin	TX
Redux Remodeling	reduxremodeling.com	Kitchen and bath remodeling	Denver	CO
Refine Aesthetics		Med spa	Austin	TX
Rejuvenate Austin		Med spa	Austin	TX
Renaissance Plastic Surgery		Plastic surgery	Newport Beach	CA
Reproductive Medicine Institute	reproductivemedicineinstitute.com	Fertility clinic	Chicago	IL
Roach Family Dentistry & Associates		Cosmetic dentistry	Nashville	TN
Robbins Plastic Surgery		Plastic surgery	Nashville	TN
Ron Davis Custom Homes	rondaviscustomhomes.com	Custom home building	Dallas	TX
Rubenstein Law		Personal injury law	Miami	FL
SHJ Wealth Advisors		Wealth management	Denver	CO
Sanjiva Medical Spa		Med spa	Dallas	TX
Scott Pryor Law Group	scottpryorlaw.com	Personal injury law	Atlanta	GA
Scottsdale Center for Plastic Surgery	scottsdalecenterforplasticsurgery.com	Plastic surgery	Scottsdale	AZ
Scottsdale Smile Center	scottsdalesmile.com	Cosmetic dentistry	Scottsdale	AZ
Sean Simon MD Plastic Surgery		Plastic surgery	Miami	FL
Seven Custom Homes	sevencustomhomes.com	Custom home building	Austin	TX
Shapiro Plastic Surgery	shapiroplasticsurgery.com	Plastic surgery	Scottsdale	AZ
Shaun Parson Plastic Surgery and Skin Center		Plastic surgery	Scottsdale	AZ
Sheffield Homes	sheffieldhomes.com	Custom home building	Denver	CO
Sieveking Plastic Surgery		Plastic surgery	Nashville	TN
Simonini Homes	simonini.com	Custom home building	Charlotte	NC
Skin Envy Austin		Med spa	Austin	TX
Skin and Cancer Associates	skinandcancerassociates.com	Cosmetic dermatology	Boca Raton	FL
Skyview Dentistry		Cosmetic dentistry	Charlotte	NC
Smile on Nashville		Cosmetic dentistry	Nashville	TN
Sopris Homes		Custom home building	Boulder	CO
South Coast MedSpa		Med spa	Newport Beach	CA
South Gables Dental	southgablesdental.com	Cosmetic dentistry	Coral Gables	FL
SouthView Cosmetic Dentistry	southviewdentistrycharlotte.com	Cosmetic dentistry	Charlotte	NC
Southern Design & Build	southerndesignbuild.com	Landscape design build	Dallas	TX
SpaDerma		Med spa	Chicago	IL
Springdale Custom Builders	springdalecharlotte.com	Custom home building	Charlotte	NC
Stacey Folk MD		Plastic surgery	Denver	CO
Starkman Facial Plastic Surgery	scottsdalefacialplastics.com	Plastic surgery	Scottsdale	AZ
Sterling Custom Homes		Custom home building	Austin	TX
Stewart Miller Simmons Trial Attorneys	smstrial.com	Personal injury law	Atlanta	GA
Stock Custom Homes		Custom home building	Naples	FL
Suncoast Custom Pools	sccpools.com	Pool building	Naples	FL
Superior Pools of Southwest Florida	superiorpools.com	Pool building	Fort Myers	FL
TIEV Medical Spa		Med spa	Newport Beach	CA
Tennessee Valley Homes	tennesseevalleyhomes.com	Custom home building	Nashville	TN
The Center for Cosmetic Surgery	thecenterforcosmeticsurgery.net	Plastic surgery	Denver	CO
The Center for Plastic Surgery at MetroDerm		Plastic surgery	Atlanta	GA
The Cosmetic Dentists of Austin		Cosmetic dentistry	Austin	TX
The Flawless Lab Medspa		Med spa	Scottsdale	AZ
The Glendale Group		Custom home building	Naples	FL
The Husband & Wife Law Team		Personal injury law	Phoenix	AZ
The Injection Room		Med spa	Austin	TX
The Look Aesthetics		Med spa	Nashville	TN
The Mabra Law Firm		Personal injury law	Atlanta	GA
The McArthur Law Firm		Personal injury law	Atlanta	GA
The Nathan Clinic	drnathan.com	Plastic surgery	Miami	FL
The Plastic Surgery Center of Nashville		Plastic surgery	Nashville	TN
Thompson Law		Personal injury law	Dallas	TX
Timber Ridge Properties		Kitchen and bath remodeling	Denver	CO
Todd Mabry DDS	toddmabrydds.com	Cosmetic dentistry	Scottsdale	AZ
Together Design and Build		Kitchen and bath remodeling	Austin	TX
Total Med Solutions		Med spa	Dallas	TX
Trimelogic USA		Kitchen and bath remodeling	Atlanta	GA
Triumph Capital Management		Wealth management	Denver	CO
Tropical Creations by Oliver	tropicalcreationsoliver.com	Landscape design build	Naples	FL
USA Plastic Surgery	usaplasticsurgery.com	Plastic surgery	Dallas	TX
Ultimate Image MedSpa	ultimateimagemedspa.com	Med spa	Dallas	TX
Van Wey Law		Personal injury law	Dallas	TX
Venturi Private Wealth		Wealth management	Denver	CO
Verde Builders Custom Homes	verdebuildersaustin.com	Custom home building	Austin	TX
Vixen Plastic Surgery		Plastic surgery	Miami	FL
Walden Dental		Cosmetic dentistry	Austin	TX
Waters Kraus Paul & Siegel		Personal injury law	Dallas	TX
Weisz Selection Outdoor Living Specialists		Landscape design build	Dallas	TX
WestEnd Advisors		Wealth management	Charlotte	NC
Whitlock Builders		Custom home building	Charlotte	NC
Wildrose Aesthetics		Med spa	Newport Beach	CA
Wolfson & Leon		Personal injury law	Miami	FL
Young Facial Plastic Surgery Center		Plastic surgery	Nashville	TN
ZONA Med Spa		Med spa	Scottsdale	AZ
Zbranek & Holt Custom Homes	zhcustomhomes.com	Custom home building	Austin	TX
Zuri Plastic Surgery	zuriplasticsurgery.com	Plastic surgery	Miami	FL
