vertical,niche,metro,mapsQuery,keepIf,typicalWebBudget,whyTheyBuy,targetRows
Medical & aesthetic,Plastic surgery,"Scottsdale, AZ","plastic surgeon Scottsdale, AZ",rating >= 4.4 AND reviews >= 40 AND has website AND website is not Wix/Squarespace-default AND no online booking,$12k-35k,"Six-figure procedures, ad-funded, and the gallery is the product. Decisions made at night on a phone.",5
Medical & aesthetic,Plastic surgery,"Newport Beach, CA","plastic surgeon Newport Beach, CA",rating >= 4.4 AND reviews >= 40 AND has website AND website is not Wix/Squarespace-default AND no online booking,$12k-35k,"Six-figure procedures, ad-funded, and the gallery is the product. Decisions made at night on a phone.",5
Medical & aesthetic,Plastic surgery,"Irvine, CA","plastic surgeon Irvine, CA",rating >= 4.4 AND reviews >= 40 AND has website AND website is not Wix/Squarespace-default AND no online booking,$12k-35k,"Six-figure procedures, ad-funded, and the gallery is the product. Decisions made at night on a phone.",5
Medical & aesthetic,Plastic surgery,"San Diego, CA","plastic surgeon San Diego, CA",rating >= 4.4 AND reviews >= 40 AND has website AND website is not Wix/Squarespace-default AND no online booking,$12k-35k,"Six-figure procedures, ad-funded, and the gallery is the product. Decisions made at night on a phone.",5
Medical & aesthetic,Plastic surgery,"Beverly Hills, CA","plastic surgeon Beverly Hills, CA",rating >= 4.4 AND reviews >= 40 AND has website AND website is not Wix/Squarespace-default AND no online booking,$12k-35k,"Six-figure procedures, ad-funded, and the gallery is the product. Decisions made at night on a phone.",5
Medical & aesthetic,Plastic surgery,"Bellevue, WA","plastic surgeon Bellevue, WA",rating >= 4.4 AND reviews >= 40 AND has website AND website is not Wix/Squarespace-default AND no online booking,$12k-35k,"Six-figure procedures, ad-funded, and the gallery is the product. Decisions made at night on a phone.",5
Medical & aesthetic,Plastic surgery,"Denver, CO","plastic surgeon Denver, CO",rating >= 4.4 AND reviews >= 40 AND has website AND website is not Wix/Squarespace-default AND no online booking,$12k-35k,"Six-figure procedures, ad-funded, and the gallery is the product. Decisions made at night on a phone.",5
Medical & aesthetic,Plastic surgery,"Austin, TX","plastic surgeon Austin, TX",rating >= 4.4 AND reviews >= 40 AND has website AND website is not Wix/Squarespace-default AND no online booking,$12k-35k,"Six-figure procedures, ad-funded, and the gallery is the product. Decisions made at night on a phone.",5
Medical & aesthetic,Plastic surgery,"Dallas, TX","plastic surgeon Dallas, TX",rating >= 4.4 AND reviews >= 40 AND has website AND website is not Wix/Squarespace-default AND no online booking,$12k-35k,"Six-figure procedures, ad-funded, and the gallery is the product. Decisions made at night on a phone.",5
Medical & aesthetic,Plastic surgery,"The Woodlands, TX","plastic surgeon The Woodlands, TX",rating >= 4.4 AND reviews >= 40 AND has website AND website is not Wix/Squarespace-default AND no online booking,$12k-35k,"Six-figure procedures, ad-funded, and the gallery is the product. Decisions made at night on a phone.",5
Medical & aesthetic,Plastic surgery,"Naples, FL","plastic surgeon Naples, FL",rating >= 4.4 AND reviews >= 40 AND has website AND website is not Wix/Squarespace-default AND no online booking,$12k-35k,"Six-figure procedures, ad-funded, and the gallery is the product. Decisions made at night on a phone.",5
Medical & aesthetic,Plastic surgery,"Boca Raton, FL","plastic surgeon Boca Raton, FL",rating >= 4.4 AND reviews >= 40 AND has website AND website is not Wix/Squarespace-default AND no online booking,$12k-35k,"Six-figure procedures, ad-funded, and the gallery is the product. Decisions made at night on a phone.",5
Medical & aesthetic,Plastic surgery,"Miami, FL","plastic surgeon Miami, FL",rating >= 4.4 AND reviews >= 40 AND has website AND website is not Wix/Squarespace-default AND no online booking,$12k-35k,"Six-figure procedures, ad-funded, and the gallery is the product. Decisions made at night on a phone.",5
Medical & aesthetic,Plastic surgery,"Atlanta, GA","plastic surgeon Atlanta, GA",rating >= 4.4 AND reviews >= 40 AND has website AND website is not Wix/Squarespace-default AND no online booking,$12k-35k,"Six-figure procedures, ad-funded, and the gallery is the product. Decisions made at night on a phone.",5
Medical & aesthetic,Plastic surgery,"Charlotte, NC","plastic surgeon Charlotte, NC",rating >= 4.4 AND reviews >= 40 AND has website AND website is not Wix/Squarespace-default AND no online booking,$12k-35k,"Six-figure procedures, ad-funded, and the gallery is the product. Decisions made at night on a phone.",5
Medical & aesthetic,Plastic surgery,"Nashville, TN","plastic surgeon Nashville, TN",rating >= 4.4 AND reviews >= 40 AND has website AND website is not Wix/Squarespace-default AND no online booking,$12k-35k,"Six-figure procedures, ad-funded, and the gallery is the product. Decisions made at night on a phone.",5
Medical & aesthetic,Plastic surgery,"Chicago, IL","plastic surgeon Chicago, IL",rating >= 4.4 AND reviews >= 40 AND has website AND website is not Wix/Squarespace-default AND no online booking,$12k-35k,"Six-figure procedures, ad-funded, and the gallery is the product. Decisions made at night on a phone.",5
Medical & aesthetic,Plastic surgery,"Greenwich, CT","plastic surgeon Greenwich, CT",rating >= 4.4 AND reviews >= 40 AND has website AND website is not Wix/Squarespace-default AND no online booking,$12k-35k,"Six-figure procedures, ad-funded, and the gallery is the product. Decisions made at night on a phone.",5
Medical & aesthetic,Plastic surgery,"Bethesda, MD","plastic surgeon Bethesda, MD",rating >= 4.4 AND reviews >= 40 AND has website AND website is not Wix/Squarespace-default AND no online booking,$12k-35k,"Six-figure procedures, ad-funded, and the gallery is the product. Decisions made at night on a phone.",5
Medical & aesthetic,Plastic surgery,"Summerlin, NV","plastic surgeon Summerlin, NV",rating >= 4.4 AND reviews >= 40 AND has website AND website is not Wix/Squarespace-default AND no online booking,$12k-35k,"Six-figure procedures, ad-funded, and the gallery is the product. Decisions made at night on a phone.",5
Medical & aesthetic,Med spa,"Scottsdale, AZ","med spa Scottsdale, AZ",rating >= 4.4 AND reviews >= 40 AND has website AND website is not Wix/Squarespace-default AND no online booking,$6k-20k,"Membership revenue, heavy Instagram spend, booking usually lives on someone else’s platform.",5
Medical & aesthetic,Med spa,"Newport Beach, CA","med spa Newport Beach, CA",rating >= 4.4 AND reviews >= 40 AND has website AND website is not Wix/Squarespace-default AND no online booking,$6k-20k,"Membership revenue, heavy Instagram spend, booking usually lives on someone else’s platform.",5
Medical & aesthetic,Med spa,"Irvine, CA","med spa Irvine, CA",rating >= 4.4 AND reviews >= 40 AND has website AND website is not Wix/Squarespace-default AND no online booking,$6k-20k,"Membership revenue, heavy Instagram spend, booking usually lives on someone else’s platform.",5
Medical & aesthetic,Med spa,"San Diego, CA","med spa San Diego, CA",rating >= 4.4 AND reviews >= 40 AND has website AND website is not Wix/Squarespace-default AND no online booking,$6k-20k,"Membership revenue, heavy Instagram spend, booking usually lives on someone else’s platform.",5
Medical & aesthetic,Med spa,"Beverly Hills, CA","med spa Beverly Hills, CA",rating >= 4.4 AND reviews >= 40 AND has website AND website is not Wix/Squarespace-default AND no online booking,$6k-20k,"Membership revenue, heavy Instagram spend, booking usually lives on someone else’s platform.",5
Medical & aesthetic,Med spa,"Bellevue, WA","med spa Bellevue, WA",rating >= 4.4 AND reviews >= 40 AND has website AND website is not Wix/Squarespace-default AND no online booking,$6k-20k,"Membership revenue, heavy Instagram spend, booking usually lives on someone else’s platform.",5
Medical & aesthetic,Med spa,"Denver, CO","med spa Denver, CO",rating >= 4.4 AND reviews >= 40 AND has website AND website is not Wix/Squarespace-default AND no online booking,$6k-20k,"Membership revenue, heavy Instagram spend, booking usually lives on someone else’s platform.",5
Medical & aesthetic,Med spa,"Austin, TX","med spa Austin, TX",rating >= 4.4 AND reviews >= 40 AND has website AND website is not Wix/Squarespace-default AND no online booking,$6k-20k,"Membership revenue, heavy Instagram spend, booking usually lives on someone else’s platform.",5
Medical & aesthetic,Med spa,"Dallas, TX","med spa Dallas, TX",rating >= 4.4 AND reviews >= 40 AND has website AND website is not Wix/Squarespace-default AND no online booking,$6k-20k,"Membership revenue, heavy Instagram spend, booking usually lives on someone else’s platform.",5
Medical & aesthetic,Med spa,"The Woodlands, TX","med spa The Woodlands, TX",rating >= 4.4 AND reviews >= 40 AND has website AND website is not Wix/Squarespace-default AND no online booking,$6k-20k,"Membership revenue, heavy Instagram spend, booking usually lives on someone else’s platform.",5
Medical & aesthetic,Med spa,"Naples, FL","med spa Naples, FL",rating >= 4.4 AND reviews >= 40 AND has website AND website is not Wix/Squarespace-default AND no online booking,$6k-20k,"Membership revenue, heavy Instagram spend, booking usually lives on someone else’s platform.",5
Medical & aesthetic,Med spa,"Boca Raton, FL","med spa Boca Raton, FL",rating >= 4.4 AND reviews >= 40 AND has website AND website is not Wix/Squarespace-default AND no online booking,$6k-20k,"Membership revenue, heavy Instagram spend, booking usually lives on someone else’s platform.",5
Medical & aesthetic,Med spa,"Miami, FL","med spa Miami, FL",rating >= 4.4 AND reviews >= 40 AND has website AND website is not Wix/Squarespace-default AND no online booking,$6k-20k,"Membership revenue, heavy Instagram spend, booking usually lives on someone else’s platform.",5
Medical & aesthetic,Med spa,"Atlanta, GA","med spa Atlanta, GA",rating >= 4.4 AND reviews >= 40 AND has website AND website is not Wix/Squarespace-default AND no online booking,$6k-20k,"Membership revenue, heavy Instagram spend, booking usually lives on someone else’s platform.",5
Medical & aesthetic,Med spa,"Charlotte, NC","med spa Charlotte, NC",rating >= 4.4 AND reviews >= 40 AND has website AND website is not Wix/Squarespace-default AND no online booking,$6k-20k,"Membership revenue, heavy Instagram spend, booking usually lives on someone else’s platform.",5
Medical & aesthetic,Med spa,"Nashville, TN","med spa Nashville, TN",rating >= 4.4 AND reviews >= 40 AND has website AND website is not Wix/Squarespace-default AND no online booking,$6k-20k,"Membership revenue, heavy Instagram spend, booking usually lives on someone else’s platform.",5
Medical & aesthetic,Med spa,"Chicago, IL","med spa Chicago, IL",rating >= 4.4 AND reviews >= 40 AND has website AND website is not Wix/Squarespace-default AND no online booking,$6k-20k,"Membership revenue, heavy Instagram spend, booking usually lives on someone else’s platform.",5
Medical & aesthetic,Med spa,"Greenwich, CT","med spa Greenwich, CT",rating >= 4.4 AND reviews >= 40 AND has website AND website is not Wix/Squarespace-default AND no online booking,$6k-20k,"Membership revenue, heavy Instagram spend, booking usually lives on someone else’s platform.",5
Medical & aesthetic,Med spa,"Bethesda, MD","med spa Bethesda, MD",rating >= 4.4 AND reviews >= 40 AND has website AND website is not Wix/Squarespace-default AND no online booking,$6k-20k,"Membership revenue, heavy Instagram spend, booking usually lives on someone else’s platform.",5
Medical & aesthetic,Med spa,"Summerlin, NV","med spa Summerlin, NV",rating >= 4.4 AND reviews >= 40 AND has website AND website is not Wix/Squarespace-default AND no online booking,$6k-20k,"Membership revenue, heavy Instagram spend, booking usually lives on someone else’s platform.",5
Medical & aesthetic,Cosmetic dentistry,"Scottsdale, AZ","cosmetic dentist Scottsdale, AZ",rating >= 4.4 AND reviews >= 40 AND has website AND website is not Wix/Squarespace-default AND no online booking,$8k-25k,Veneer and implant cases are $15k+ each. One extra case pays for the site twice.,5
Medical & aesthetic,Cosmetic dentistry,"Newport Beach, CA","cosmetic dentist Newport Beach, CA",rating >= 4.4 AND reviews >= 40 AND has website AND website is not Wix/Squarespace-default AND no online booking,$8k-25k,Veneer and implant cases are $15k+ each. One extra case pays for the site twice.,5
Medical & aesthetic,Cosmetic dentistry,"Irvine, CA","cosmetic dentist Irvine, CA",rating >= 4.4 AND reviews >= 40 AND has website AND website is not Wix/Squarespace-default AND no online booking,$8k-25k,Veneer and implant cases are $15k+ each. One extra case pays for the site twice.,5
Medical & aesthetic,Cosmetic dentistry,"San Diego, CA","cosmetic dentist San Diego, CA",rating >= 4.4 AND reviews >= 40 AND has website AND website is not Wix/Squarespace-default AND no online booking,$8k-25k,Veneer and implant cases are $15k+ each. One extra case pays for the site twice.,5
Medical & aesthetic,Cosmetic dentistry,"Beverly Hills, CA","cosmetic dentist Beverly Hills, CA",rating >= 4.4 AND reviews >= 40 AND has website AND website is not Wix/Squarespace-default AND no online booking,$8k-25k,Veneer and implant cases are $15k+ each. One extra case pays for the site twice.,5
Medical & aesthetic,Cosmetic dentistry,"Bellevue, WA","cosmetic dentist Bellevue, WA",rating >= 4.4 AND reviews >= 40 AND has website AND website is not Wix/Squarespace-default AND no online booking,$8k-25k,Veneer and implant cases are $15k+ each. One extra case pays for the site twice.,5
Medical & aesthetic,Cosmetic dentistry,"Denver, CO","cosmetic dentist Denver, CO",rating >= 4.4 AND reviews >= 40 AND has website AND website is not Wix/Squarespace-default AND no online booking,$8k-25k,Veneer and implant cases are $15k+ each. One extra case pays for the site twice.,5
Medical & aesthetic,Cosmetic dentistry,"Austin, TX","cosmetic dentist Austin, TX",rating >= 4.4 AND reviews >= 40 AND has website AND website is not Wix/Squarespace-default AND no online booking,$8k-25k,Veneer and implant cases are $15k+ each. One extra case pays for the site twice.,5
Medical & aesthetic,Cosmetic dentistry,"Dallas, TX","cosmetic dentist Dallas, TX",rating >= 4.4 AND reviews >= 40 AND has website AND website is not Wix/Squarespace-default AND no online booking,$8k-25k,Veneer and implant cases are $15k+ each. One extra case pays for the site twice.,5
Medical & aesthetic,Cosmetic dentistry,"The Woodlands, TX","cosmetic dentist The Woodlands, TX",rating >= 4.4 AND reviews >= 40 AND has website AND website is not Wix/Squarespace-default AND no online booking,$8k-25k,Veneer and implant cases are $15k+ each. One extra case pays for the site twice.,5
Medical & aesthetic,Cosmetic dentistry,"Naples, FL","cosmetic dentist Naples, FL",rating >= 4.4 AND reviews >= 40 AND has website AND website is not Wix/Squarespace-default AND no online booking,$8k-25k,Veneer and implant cases are $15k+ each. One extra case pays for the site twice.,5
Medical & aesthetic,Cosmetic dentistry,"Boca Raton, FL","cosmetic dentist Boca Raton, FL",rating >= 4.4 AND reviews >= 40 AND has website AND website is not Wix/Squarespace-default AND no online booking,$8k-25k,Veneer and implant cases are $15k+ each. One extra case pays for the site twice.,5
Medical & aesthetic,Cosmetic dentistry,"Miami, FL","cosmetic dentist Miami, FL",rating >= 4.4 AND reviews >= 40 AND has website AND website is not Wix/Squarespace-default AND no online booking,$8k-25k,Veneer and implant cases are $15k+ each. One extra case pays for the site twice.,5
Medical & aesthetic,Cosmetic dentistry,"Atlanta, GA","cosmetic dentist Atlanta, GA",rating >= 4.4 AND reviews >= 40 AND has website AND website is not Wix/Squarespace-default AND no online booking,$8k-25k,Veneer and implant cases are $15k+ each. One extra case pays for the site twice.,5
Medical & aesthetic,Cosmetic dentistry,"Charlotte, NC","cosmetic dentist Charlotte, NC",rating >= 4.4 AND reviews >= 40 AND has website AND website is not Wix/Squarespace-default AND no online booking,$8k-25k,Veneer and implant cases are $15k+ each. One extra case pays for the site twice.,5
Medical & aesthetic,Cosmetic dentistry,"Nashville, TN","cosmetic dentist Nashville, TN",rating >= 4.4 AND reviews >= 40 AND has website AND website is not Wix/Squarespace-default AND no online booking,$8k-25k,Veneer and implant cases are $15k+ each. One extra case pays for the site twice.,5
Medical & aesthetic,Cosmetic dentistry,"Chicago, IL","cosmetic dentist Chicago, IL",rating >= 4.4 AND reviews >= 40 AND has website AND website is not Wix/Squarespace-default AND no online booking,$8k-25k,Veneer and implant cases are $15k+ each. One extra case pays for the site twice.,5
Medical & aesthetic,Cosmetic dentistry,"Greenwich, CT","cosmetic dentist Greenwich, CT",rating >= 4.4 AND reviews >= 40 AND has website AND website is not Wix/Squarespace-default AND no online booking,$8k-25k,Veneer and implant cases are $15k+ each. One extra case pays for the site twice.,5
Medical & aesthetic,Cosmetic dentistry,"Bethesda, MD","cosmetic dentist Bethesda, MD",rating >= 4.4 AND reviews >= 40 AND has website AND website is not Wix/Squarespace-default AND no online booking,$8k-25k,Veneer and implant cases are $15k+ each. One extra case pays for the site twice.,5
Medical & aesthetic,Cosmetic dentistry,"Summerlin, NV","cosmetic dentist Summerlin, NV",rating >= 4.4 AND reviews >= 40 AND has website AND website is not Wix/Squarespace-default AND no online booking,$8k-25k,Veneer and implant cases are $15k+ each. One extra case pays for the site twice.,5
Medical & aesthetic,Dermatology (cosmetic),"Scottsdale, AZ","cosmetic dermatology Scottsdale, AZ",rating >= 4.4 AND reviews >= 40 AND has website AND website is not Wix/Squarespace-default AND no online booking,$8k-25k,Elective side is pure margin and is usually buried under the medical side.,5
Medical & aesthetic,Dermatology (cosmetic),"Newport Beach, CA","cosmetic dermatology Newport Beach, CA",rating >= 4.4 AND reviews >= 40 AND has website AND website is not Wix/Squarespace-default AND no online booking,$8k-25k,Elective side is pure margin and is usually buried under the medical side.,5
Medical & aesthetic,Dermatology (cosmetic),"Irvine, CA","cosmetic dermatology Irvine, CA",rating >= 4.4 AND reviews >= 40 AND has website AND website is not Wix/Squarespace-default AND no online booking,$8k-25k,Elective side is pure margin and is usually buried under the medical side.,5
Medical & aesthetic,Dermatology (cosmetic),"San Diego, CA","cosmetic dermatology San Diego, CA",rating >= 4.4 AND reviews >= 40 AND has website AND website is not Wix/Squarespace-default AND no online booking,$8k-25k,Elective side is pure margin and is usually buried under the medical side.,5
Medical & aesthetic,Dermatology (cosmetic),"Beverly Hills, CA","cosmetic dermatology Beverly Hills, CA",rating >= 4.4 AND reviews >= 40 AND has website AND website is not Wix/Squarespace-default AND no online booking,$8k-25k,Elective side is pure margin and is usually buried under the medical side.,5
Medical & aesthetic,Dermatology (cosmetic),"Bellevue, WA","cosmetic dermatology Bellevue, WA",rating >= 4.4 AND reviews >= 40 AND has website AND website is not Wix/Squarespace-default AND no online booking,$8k-25k,Elective side is pure margin and is usually buried under the medical side.,5
Medical & aesthetic,Dermatology (cosmetic),"Denver, CO","cosmetic dermatology Denver, CO",rating >= 4.4 AND reviews >= 40 AND has website AND website is not Wix/Squarespace-default AND no online booking,$8k-25k,Elective side is pure margin and is usually buried under the medical side.,5
Medical & aesthetic,Dermatology (cosmetic),"Austin, TX","cosmetic dermatology Austin, TX",rating >= 4.4 AND reviews >= 40 AND has website AND website is not Wix/Squarespace-default AND no online booking,$8k-25k,Elective side is pure margin and is usually buried under the medical side.,5
Medical & aesthetic,Dermatology (cosmetic),"Dallas, TX","cosmetic dermatology Dallas, TX",rating >= 4.4 AND reviews >= 40 AND has website AND website is not Wix/Squarespace-default AND no online booking,$8k-25k,Elective side is pure margin and is usually buried under the medical side.,5
Medical & aesthetic,Dermatology (cosmetic),"The Woodlands, TX","cosmetic dermatology The Woodlands, TX",rating >= 4.4 AND reviews >= 40 AND has website AND website is not Wix/Squarespace-default AND no online booking,$8k-25k,Elective side is pure margin and is usually buried under the medical side.,5
Medical & aesthetic,Dermatology (cosmetic),"Naples, FL","cosmetic dermatology Naples, FL",rating >= 4.4 AND reviews >= 40 AND has website AND website is not Wix/Squarespace-default AND no online booking,$8k-25k,Elective side is pure margin and is usually buried under the medical side.,5
Medical & aesthetic,Dermatology (cosmetic),"Boca Raton, FL","cosmetic dermatology Boca Raton, FL",rating >= 4.4 AND reviews >= 40 AND has website AND website is not Wix/Squarespace-default AND no online booking,$8k-25k,Elective side is pure margin and is usually buried under the medical side.,5
Medical & aesthetic,Dermatology (cosmetic),"Miami, FL","cosmetic dermatology Miami, FL",rating >= 4.4 AND reviews >= 40 AND has website AND website is not Wix/Squarespace-default AND no online booking,$8k-25k,Elective side is pure margin and is usually buried under the medical side.,5
Medical & aesthetic,Dermatology (cosmetic),"Atlanta, GA","cosmetic dermatology Atlanta, GA",rating >= 4.4 AND reviews >= 40 AND has website AND website is not Wix/Squarespace-default AND no online booking,$8k-25k,Elective side is pure margin and is usually buried under the medical side.,5
Medical & aesthetic,Dermatology (cosmetic),"Charlotte, NC","cosmetic dermatology Charlotte, NC",rating >= 4.4 AND reviews >= 40 AND has website AND website is not Wix/Squarespace-default AND no online booking,$8k-25k,Elective side is pure margin and is usually buried under the medical side.,5
Medical & aesthetic,Dermatology (cosmetic),"Nashville, TN","cosmetic dermatology Nashville, TN",rating >= 4.4 AND reviews >= 40 AND has website AND website is not Wix/Squarespace-default AND no online booking,$8k-25k,Elective side is pure margin and is usually buried under the medical side.,5
Medical & aesthetic,Dermatology (cosmetic),"Chicago, IL","cosmetic dermatology Chicago, IL",rating >= 4.4 AND reviews >= 40 AND has website AND website is not Wix/Squarespace-default AND no online booking,$8k-25k,Elective side is pure margin and is usually buried under the medical side.,5
Medical & aesthetic,Dermatology (cosmetic),"Greenwich, CT","cosmetic dermatology Greenwich, CT",rating >= 4.4 AND reviews >= 40 AND has website AND website is not Wix/Squarespace-default AND no online booking,$8k-25k,Elective side is pure margin and is usually buried under the medical side.,5
Medical & aesthetic,Dermatology (cosmetic),"Bethesda, MD","cosmetic dermatology Bethesda, MD",rating >= 4.4 AND reviews >= 40 AND has website AND website is not Wix/Squarespace-default AND no online booking,$8k-25k,Elective side is pure margin and is usually buried under the medical side.,5
Medical & aesthetic,Dermatology (cosmetic),"Summerlin, NV","cosmetic dermatology Summerlin, NV",rating >= 4.4 AND reviews >= 40 AND has website AND website is not Wix/Squarespace-default AND no online booking,$8k-25k,Elective side is pure margin and is usually buried under the medical side.,5
Medical & aesthetic,Fertility / IVF,"Scottsdale, AZ","fertility clinic Scottsdale, AZ",rating >= 4.4 AND reviews >= 40 AND has website AND website is not Wix/Squarespace-default AND no online booking,$15k-35k,"Cycles are $20k+, the decision is long and researched, and the site carries all of it.",5
Medical & aesthetic,Fertility / IVF,"Newport Beach, CA","fertility clinic Newport Beach, CA",rating >= 4.4 AND reviews >= 40 AND has website AND website is not Wix/Squarespace-default AND no online booking,$15k-35k,"Cycles are $20k+, the decision is long and researched, and the site carries all of it.",5
Medical & aesthetic,Fertility / IVF,"Irvine, CA","fertility clinic Irvine, CA",rating >= 4.4 AND reviews >= 40 AND has website AND website is not Wix/Squarespace-default AND no online booking,$15k-35k,"Cycles are $20k+, the decision is long and researched, and the site carries all of it.",5
Medical & aesthetic,Fertility / IVF,"San Diego, CA","fertility clinic San Diego, CA",rating >= 4.4 AND reviews >= 40 AND has website AND website is not Wix/Squarespace-default AND no online booking,$15k-35k,"Cycles are $20k+, the decision is long and researched, and the site carries all of it.",5
Medical & aesthetic,Fertility / IVF,"Beverly Hills, CA","fertility clinic Beverly Hills, CA",rating >= 4.4 AND reviews >= 40 AND has website AND website is not Wix/Squarespace-default AND no online booking,$15k-35k,"Cycles are $20k+, the decision is long and researched, and the site carries all of it.",5
Medical & aesthetic,Fertility / IVF,"Bellevue, WA","fertility clinic Bellevue, WA",rating >= 4.4 AND reviews >= 40 AND has website AND website is not Wix/Squarespace-default AND no online booking,$15k-35k,"Cycles are $20k+, the decision is long and researched, and the site carries all of it.",5
Medical & aesthetic,Fertility / IVF,"Denver, CO","fertility clinic Denver, CO",rating >= 4.4 AND reviews >= 40 AND has website AND website is not Wix/Squarespace-default AND no online booking,$15k-35k,"Cycles are $20k+, the decision is long and researched, and the site carries all of it.",5
Medical & aesthetic,Fertility / IVF,"Austin, TX","fertility clinic Austin, TX",rating >= 4.4 AND reviews >= 40 AND has website AND website is not Wix/Squarespace-default AND no online booking,$15k-35k,"Cycles are $20k+, the decision is long and researched, and the site carries all of it.",5
Medical & aesthetic,Fertility / IVF,"Dallas, TX","fertility clinic Dallas, TX",rating >= 4.4 AND reviews >= 40 AND has website AND website is not Wix/Squarespace-default AND no online booking,$15k-35k,"Cycles are $20k+, the decision is long and researched, and the site carries all of it.",5
Medical & aesthetic,Fertility / IVF,"The Woodlands, TX","fertility clinic The Woodlands, TX",rating >= 4.4 AND reviews >= 40 AND has website AND website is not Wix/Squarespace-default AND no online booking,$15k-35k,"Cycles are $20k+, the decision is long and researched, and the site carries all of it.",5
Medical & aesthetic,Fertility / IVF,"Naples, FL","fertility clinic Naples, FL",rating >= 4.4 AND reviews >= 40 AND has website AND website is not Wix/Squarespace-default AND no online booking,$15k-35k,"Cycles are $20k+, the decision is long and researched, and the site carries all of it.",5
Medical & aesthetic,Fertility / IVF,"Boca Raton, FL","fertility clinic Boca Raton, FL",rating >= 4.4 AND reviews >= 40 AND has website AND website is not Wix/Squarespace-default AND no online booking,$15k-35k,"Cycles are $20k+, the decision is long and researched, and the site carries all of it.",5
Medical & aesthetic,Fertility / IVF,"Miami, FL","fertility clinic Miami, FL",rating >= 4.4 AND reviews >= 40 AND has website AND website is not Wix/Squarespace-default AND no online booking,$15k-35k,"Cycles are $20k+, the decision is long and researched, and the site carries all of it.",5
Medical & aesthetic,Fertility / IVF,"Atlanta, GA","fertility clinic Atlanta, GA",rating >= 4.4 AND reviews >= 40 AND has website AND website is not Wix/Squarespace-default AND no online booking,$15k-35k,"Cycles are $20k+, the decision is long and researched, and the site carries all of it.",5
Medical & aesthetic,Fertility / IVF,"Charlotte, NC","fertility clinic Charlotte, NC",rating >= 4.4 AND reviews >= 40 AND has website AND website is not Wix/Squarespace-default AND no online booking,$15k-35k,"Cycles are $20k+, the decision is long and researched, and the site carries all of it.",5
Medical & aesthetic,Fertility / IVF,"Nashville, TN","fertility clinic Nashville, TN",rating >= 4.4 AND reviews >= 40 AND has website AND website is not Wix/Squarespace-default AND no online booking,$15k-35k,"Cycles are $20k+, the decision is long and researched, and the site carries all of it.",5
Medical & aesthetic,Fertility / IVF,"Chicago, IL","fertility clinic Chicago, IL",rating >= 4.4 AND reviews >= 40 AND has website AND website is not Wix/Squarespace-default AND no online booking,$15k-35k,"Cycles are $20k+, the decision is long and researched, and the site carries all of it.",5
Medical & aesthetic,Fertility / IVF,"Greenwich, CT","fertility clinic Greenwich, CT",rating >= 4.4 AND reviews >= 40 AND has website AND website is not Wix/Squarespace-default AND no online booking,$15k-35k,"Cycles are $20k+, the decision is long and researched, and the site carries all of it.",5
Medical & aesthetic,Fertility / IVF,"Bethesda, MD","fertility clinic Bethesda, MD",rating >= 4.4 AND reviews >= 40 AND has website AND website is not Wix/Squarespace-default AND no online booking,$15k-35k,"Cycles are $20k+, the decision is long and researched, and the site carries all of it.",5
Medical & aesthetic,Fertility / IVF,"Summerlin, NV","fertility clinic Summerlin, NV",rating >= 4.4 AND reviews >= 40 AND has website AND website is not Wix/Squarespace-default AND no online booking,$15k-35k,"Cycles are $20k+, the decision is long and researched, and the site carries all of it.",5
Luxury home & property,Custom home builders,"Scottsdale, AZ","custom home builder Scottsdale, AZ",rating >= 4.4 AND reviews >= 40 AND has website AND website is not Wix/Squarespace-default AND no online booking,$12k-35k,Portfolio is the entire sale and it is nearly always an unsortable thumbnail grid.,5
Luxury home & property,Custom home builders,"Newport Beach, CA","custom home builder Newport Beach, CA",rating >= 4.4 AND reviews >= 40 AND has website AND website is not Wix/Squarespace-default AND no online booking,$12k-35k,Portfolio is the entire sale and it is nearly always an unsortable thumbnail grid.,5
Luxury home & property,Custom home builders,"Irvine, CA","custom home builder Irvine, CA",rating >= 4.4 AND reviews >= 40 AND has website AND website is not Wix/Squarespace-default AND no online booking,$12k-35k,Portfolio is the entire sale and it is nearly always an unsortable thumbnail grid.,5
Luxury home & property,Custom home builders,"San Diego, CA","custom home builder San Diego, CA",rating >= 4.4 AND reviews >= 40 AND has website AND website is not Wix/Squarespace-default AND no online booking,$12k-35k,Portfolio is the entire sale and it is nearly always an unsortable thumbnail grid.,5
Luxury home & property,Custom home builders,"Beverly Hills, CA","custom home builder Beverly Hills, CA",rating >= 4.4 AND reviews >= 40 AND has website AND website is not Wix/Squarespace-default AND no online booking,$12k-35k,Portfolio is the entire sale and it is nearly always an unsortable thumbnail grid.,5
Luxury home & property,Custom home builders,"Bellevue, WA","custom home builder Bellevue, WA",rating >= 4.4 AND reviews >= 40 AND has website AND website is not Wix/Squarespace-default AND no online booking,$12k-35k,Portfolio is the entire sale and it is nearly always an unsortable thumbnail grid.,5
Luxury home & property,Custom home builders,"Denver, CO","custom home builder Denver, CO",rating >= 4.4 AND reviews >= 40 AND has website AND website is not Wix/Squarespace-default AND no online booking,$12k-35k,Portfolio is the entire sale and it is nearly always an unsortable thumbnail grid.,5
Luxury home & property,Custom home builders,"Austin, TX","custom home builder Austin, TX",rating >= 4.4 AND reviews >= 40 AND has website AND website is not Wix/Squarespace-default AND no online booking,$12k-35k,Portfolio is the entire sale and it is nearly always an unsortable thumbnail grid.,5
Luxury home & property,Custom home builders,"Dallas, TX","custom home builder Dallas, TX",rating >= 4.4 AND reviews >= 40 AND has website AND website is not Wix/Squarespace-default AND no online booking,$12k-35k,Portfolio is the entire sale and it is nearly always an unsortable thumbnail grid.,5
Luxury home & property,Custom home builders,"The Woodlands, TX","custom home builder The Woodlands, TX",rating >= 4.4 AND reviews >= 40 AND has website AND website is not Wix/Squarespace-default AND no online booking,$12k-35k,Portfolio is the entire sale and it is nearly always an unsortable thumbnail grid.,5
Luxury home & property,Custom home builders,"Naples, FL","custom home builder Naples, FL",rating >= 4.4 AND reviews >= 40 AND has website AND website is not Wix/Squarespace-default AND no online booking,$12k-35k,Portfolio is the entire sale and it is nearly always an unsortable thumbnail grid.,5
Luxury home & property,Custom home builders,"Boca Raton, FL","custom home builder Boca Raton, FL",rating >= 4.4 AND reviews >= 40 AND has website AND website is not Wix/Squarespace-default AND no online booking,$12k-35k,Portfolio is the entire sale and it is nearly always an unsortable thumbnail grid.,5
Luxury home & property,Custom home builders,"Miami, FL","custom home builder Miami, FL",rating >= 4.4 AND reviews >= 40 AND has website AND website is not Wix/Squarespace-default AND no online booking,$12k-35k,Portfolio is the entire sale and it is nearly always an unsortable thumbnail grid.,5
Luxury home & property,Custom home builders,"Atlanta, GA","custom home builder Atlanta, GA",rating >= 4.4 AND reviews >= 40 AND has website AND website is not Wix/Squarespace-default AND no online booking,$12k-35k,Portfolio is the entire sale and it is nearly always an unsortable thumbnail grid.,5
Luxury home & property,Custom home builders,"Charlotte, NC","custom home builder Charlotte, NC",rating >= 4.4 AND reviews >= 40 AND has website AND website is not Wix/Squarespace-default AND no online booking,$12k-35k,Portfolio is the entire sale and it is nearly always an unsortable thumbnail grid.,5
Luxury home & property,Custom home builders,"Nashville, TN","custom home builder Nashville, TN",rating >= 4.4 AND reviews >= 40 AND has website AND website is not Wix/Squarespace-default AND no online booking,$12k-35k,Portfolio is the entire sale and it is nearly always an unsortable thumbnail grid.,5
Luxury home & property,Custom home builders,"Chicago, IL","custom home builder Chicago, IL",rating >= 4.4 AND reviews >= 40 AND has website AND website is not Wix/Squarespace-default AND no online booking,$12k-35k,Portfolio is the entire sale and it is nearly always an unsortable thumbnail grid.,5
Luxury home & property,Custom home builders,"Greenwich, CT","custom home builder Greenwich, CT",rating >= 4.4 AND reviews >= 40 AND has website AND website is not Wix/Squarespace-default AND no online booking,$12k-35k,Portfolio is the entire sale and it is nearly always an unsortable thumbnail grid.,5
Luxury home & property,Custom home builders,"Bethesda, MD","custom home builder Bethesda, MD",rating >= 4.4 AND reviews >= 40 AND has website AND website is not Wix/Squarespace-default AND no online booking,$12k-35k,Portfolio is the entire sale and it is nearly always an unsortable thumbnail grid.,5
Luxury home & property,Custom home builders,"Summerlin, NV","custom home builder Summerlin, NV",rating >= 4.4 AND reviews >= 40 AND has website AND website is not Wix/Squarespace-default AND no online booking,$12k-35k,Portfolio is the entire sale and it is nearly always an unsortable thumbnail grid.,5
Luxury home & property,Pool & outdoor living,"Scottsdale, AZ","custom pool builder Scottsdale, AZ",rating >= 4.4 AND reviews >= 40 AND has website AND website is not Wix/Squarespace-default AND no online booking,$6k-20k,"Averages $80k-150k a build, sells almost entirely on photography.",5
Luxury home & property,Pool & outdoor living,"Newport Beach, CA","custom pool builder Newport Beach, CA",rating >= 4.4 AND reviews >= 40 AND has website AND website is not Wix/Squarespace-default AND no online booking,$6k-20k,"Averages $80k-150k a build, sells almost entirely on photography.",5
Luxury home & property,Pool & outdoor living,"Irvine, CA","custom pool builder Irvine, CA",rating >= 4.4 AND reviews >= 40 AND has website AND website is not Wix/Squarespace-default AND no online booking,$6k-20k,"Averages $80k-150k a build, sells almost entirely on photography.",5
Luxury home & property,Pool & outdoor living,"San Diego, CA","custom pool builder San Diego, CA",rating >= 4.4 AND reviews >= 40 AND has website AND website is not Wix/Squarespace-default AND no online booking,$6k-20k,"Averages $80k-150k a build, sells almost entirely on photography.",5
Luxury home & property,Pool & outdoor living,"Beverly Hills, CA","custom pool builder Beverly Hills, CA",rating >= 4.4 AND reviews >= 40 AND has website AND website is not Wix/Squarespace-default AND no online booking,$6k-20k,"Averages $80k-150k a build, sells almost entirely on photography.",5
Luxury home & property,Pool & outdoor living,"Bellevue, WA","custom pool builder Bellevue, WA",rating >= 4.4 AND reviews >= 40 AND has website AND website is not Wix/Squarespace-default AND no online booking,$6k-20k,"Averages $80k-150k a build, sells almost entirely on photography.",5
Luxury home & property,Pool & outdoor living,"Denver, CO","custom pool builder Denver, CO",rating >= 4.4 AND reviews >= 40 AND has website AND website is not Wix/Squarespace-default AND no online booking,$6k-20k,"Averages $80k-150k a build, sells almost entirely on photography.",5
Luxury home & property,Pool & outdoor living,"Austin, TX","custom pool builder Austin, TX",rating >= 4.4 AND reviews >= 40 AND has website AND website is not Wix/Squarespace-default AND no online booking,$6k-20k,"Averages $80k-150k a build, sells almost entirely on photography.",5
Luxury home & property,Pool & outdoor living,"Dallas, TX","custom pool builder Dallas, TX",rating >= 4.4 AND reviews >= 40 AND has website AND website is not Wix/Squarespace-default AND no online booking,$6k-20k,"Averages $80k-150k a build, sells almost entirely on photography.",5
Luxury home & property,Pool & outdoor living,"The Woodlands, TX","custom pool builder The Woodlands, TX",rating >= 4.4 AND reviews >= 40 AND has website AND website is not Wix/Squarespace-default AND no online booking,$6k-20k,"Averages $80k-150k a build, sells almost entirely on photography.",5
Luxury home & property,Pool & outdoor living,"Naples, FL","custom pool builder Naples, FL",rating >= 4.4 AND reviews >= 40 AND has website AND website is not Wix/Squarespace-default AND no online booking,$6k-20k,"Averages $80k-150k a build, sells almost entirely on photography.",5
Luxury home & property,Pool & outdoor living,"Boca Raton, FL","custom pool builder Boca Raton, FL",rating >= 4.4 AND reviews >= 40 AND has website AND website is not Wix/Squarespace-default AND no online booking,$6k-20k,"Averages $80k-150k a build, sells almost entirely on photography.",5
Luxury home & property,Pool & outdoor living,"Miami, FL","custom pool builder Miami, FL",rating >= 4.4 AND reviews >= 40 AND has website AND website is not Wix/Squarespace-default AND no online booking,$6k-20k,"Averages $80k-150k a build, sells almost entirely on photography.",5
Luxury home & property,Pool & outdoor living,"Atlanta, GA","custom pool builder Atlanta, GA",rating >= 4.4 AND reviews >= 40 AND has website AND website is not Wix/Squarespace-default AND no online booking,$6k-20k,"Averages $80k-150k a build, sells almost entirely on photography.",5
Luxury home & property,Pool & outdoor living,"Charlotte, NC","custom pool builder Charlotte, NC",rating >= 4.4 AND reviews >= 40 AND has website AND website is not Wix/Squarespace-default AND no online booking,$6k-20k,"Averages $80k-150k a build, sells almost entirely on photography.",5
Luxury home & property,Pool & outdoor living,"Nashville, TN","custom pool builder Nashville, TN",rating >= 4.4 AND reviews >= 40 AND has website AND website is not Wix/Squarespace-default AND no online booking,$6k-20k,"Averages $80k-150k a build, sells almost entirely on photography.",5
Luxury home & property,Pool & outdoor living,"Chicago, IL","custom pool builder Chicago, IL",rating >= 4.4 AND reviews >= 40 AND has website AND website is not Wix/Squarespace-default AND no online booking,$6k-20k,"Averages $80k-150k a build, sells almost entirely on photography.",5
Luxury home & property,Pool & outdoor living,"Greenwich, CT","custom pool builder Greenwich, CT",rating >= 4.4 AND reviews >= 40 AND has website AND website is not Wix/Squarespace-default AND no online booking,$6k-20k,"Averages $80k-150k a build, sells almost entirely on photography.",5
Luxury home & property,Pool & outdoor living,"Bethesda, MD","custom pool builder Bethesda, MD",rating >= 4.4 AND reviews >= 40 AND has website AND website is not Wix/Squarespace-default AND no online booking,$6k-20k,"Averages $80k-150k a build, sells almost entirely on photography.",5
Luxury home & property,Pool & outdoor living,"Summerlin, NV","custom pool builder Summerlin, NV",rating >= 4.4 AND reviews >= 40 AND has website AND website is not Wix/Squarespace-default AND no online booking,$6k-20k,"Averages $80k-150k a build, sells almost entirely on photography.",5
Luxury home & property,Kitchen & bath remodel,"Scottsdale, AZ","kitchen and bath remodeling Scottsdale, AZ",rating >= 4.4 AND reviews >= 40 AND has website AND website is not Wix/Squarespace-default AND no online booking,$5k-18k,"High ticket, showroom-led, and the enquiry form asks nothing about the project.",5
Luxury home & property,Kitchen & bath remodel,"Newport Beach, CA","kitchen and bath remodeling Newport Beach, CA",rating >= 4.4 AND reviews >= 40 AND has website AND website is not Wix/Squarespace-default AND no online booking,$5k-18k,"High ticket, showroom-led, and the enquiry form asks nothing about the project.",5
Luxury home & property,Kitchen & bath remodel,"Irvine, CA","kitchen and bath remodeling Irvine, CA",rating >= 4.4 AND reviews >= 40 AND has website AND website is not Wix/Squarespace-default AND no online booking,$5k-18k,"High ticket, showroom-led, and the enquiry form asks nothing about the project.",5
Luxury home & property,Kitchen & bath remodel,"San Diego, CA","kitchen and bath remodeling San Diego, CA",rating >= 4.4 AND reviews >= 40 AND has website AND website is not Wix/Squarespace-default AND no online booking,$5k-18k,"High ticket, showroom-led, and the enquiry form asks nothing about the project.",5
Luxury home & property,Kitchen & bath remodel,"Beverly Hills, CA","kitchen and bath remodeling Beverly Hills, CA",rating >= 4.4 AND reviews >= 40 AND has website AND website is not Wix/Squarespace-default AND no online booking,$5k-18k,"High ticket, showroom-led, and the enquiry form asks nothing about the project.",5
Luxury home & property,Kitchen & bath remodel,"Bellevue, WA","kitchen and bath remodeling Bellevue, WA",rating >= 4.4 AND reviews >= 40 AND has website AND website is not Wix/Squarespace-default AND no online booking,$5k-18k,"High ticket, showroom-led, and the enquiry form asks nothing about the project.",5
Luxury home & property,Kitchen & bath remodel,"Denver, CO","kitchen and bath remodeling Denver, CO",rating >= 4.4 AND reviews >= 40 AND has website AND website is not Wix/Squarespace-default AND no online booking,$5k-18k,"High ticket, showroom-led, and the enquiry form asks nothing about the project.",5
Luxury home & property,Kitchen & bath remodel,"Austin, TX","kitchen and bath remodeling Austin, TX",rating >= 4.4 AND reviews >= 40 AND has website AND website is not Wix/Squarespace-default AND no online booking,$5k-18k,"High ticket, showroom-led, and the enquiry form asks nothing about the project.",5
Luxury home & property,Kitchen & bath remodel,"Dallas, TX","kitchen and bath remodeling Dallas, TX",rating >= 4.4 AND reviews >= 40 AND has website AND website is not Wix/Squarespace-default AND no online booking,$5k-18k,"High ticket, showroom-led, and the enquiry form asks nothing about the project.",5
Luxury home & property,Kitchen & bath remodel,"The Woodlands, TX","kitchen and bath remodeling The Woodlands, TX",rating >= 4.4 AND reviews >= 40 AND has website AND website is not Wix/Squarespace-default AND no online booking,$5k-18k,"High ticket, showroom-led, and the enquiry form asks nothing about the project.",5
Luxury home & property,Kitchen & bath remodel,"Naples, FL","kitchen and bath remodeling Naples, FL",rating >= 4.4 AND reviews >= 40 AND has website AND website is not Wix/Squarespace-default AND no online booking,$5k-18k,"High ticket, showroom-led, and the enquiry form asks nothing about the project.",5
Luxury home & property,Kitchen & bath remodel,"Boca Raton, FL","kitchen and bath remodeling Boca Raton, FL",rating >= 4.4 AND reviews >= 40 AND has website AND website is not Wix/Squarespace-default AND no online booking,$5k-18k,"High ticket, showroom-led, and the enquiry form asks nothing about the project.",5
Luxury home & property,Kitchen & bath remodel,"Miami, FL","kitchen and bath remodeling Miami, FL",rating >= 4.4 AND reviews >= 40 AND has website AND website is not Wix/Squarespace-default AND no online booking,$5k-18k,"High ticket, showroom-led, and the enquiry form asks nothing about the project.",5
Luxury home & property,Kitchen & bath remodel,"Atlanta, GA","kitchen and bath remodeling Atlanta, GA",rating >= 4.4 AND reviews >= 40 AND has website AND website is not Wix/Squarespace-default AND no online booking,$5k-18k,"High ticket, showroom-led, and the enquiry form asks nothing about the project.",5
Luxury home & property,Kitchen & bath remodel,"Charlotte, NC","kitchen and bath remodeling Charlotte, NC",rating >= 4.4 AND reviews >= 40 AND has website AND website is not Wix/Squarespace-default AND no online booking,$5k-18k,"High ticket, showroom-led, and the enquiry form asks nothing about the project.",5
Luxury home & property,Kitchen & bath remodel,"Nashville, TN","kitchen and bath remodeling Nashville, TN",rating >= 4.4 AND reviews >= 40 AND has website AND website is not Wix/Squarespace-default AND no online booking,$5k-18k,"High ticket, showroom-led, and the enquiry form asks nothing about the project.",5
Luxury home & property,Kitchen & bath remodel,"Chicago, IL","kitchen and bath remodeling Chicago, IL",rating >= 4.4 AND reviews >= 40 AND has website AND website is not Wix/Squarespace-default AND no online booking,$5k-18k,"High ticket, showroom-led, and the enquiry form asks nothing about the project.",5
Luxury home & property,Kitchen & bath remodel,"Greenwich, CT","kitchen and bath remodeling Greenwich, CT",rating >= 4.4 AND reviews >= 40 AND has website AND website is not Wix/Squarespace-default AND no online booking,$5k-18k,"High ticket, showroom-led, and the enquiry form asks nothing about the project.",5
Luxury home & property,Kitchen & bath remodel,"Bethesda, MD","kitchen and bath remodeling Bethesda, MD",rating >= 4.4 AND reviews >= 40 AND has website AND website is not Wix/Squarespace-default AND no online booking,$5k-18k,"High ticket, showroom-led, and the enquiry form asks nothing about the project.",5
Luxury home & property,Kitchen & bath remodel,"Summerlin, NV","kitchen and bath remodeling Summerlin, NV",rating >= 4.4 AND reviews >= 40 AND has website AND website is not Wix/Squarespace-default AND no online booking,$5k-18k,"High ticket, showroom-led, and the enquiry form asks nothing about the project.",5
Luxury home & property,Landscape design & build,"Scottsdale, AZ","landscape design build Scottsdale, AZ",rating >= 4.4 AND reviews >= 40 AND has website AND website is not Wix/Squarespace-default AND no online booking,$5k-18k,Design-led buyer who already values what a good site looks like.,5
Luxury home & property,Landscape design & build,"Newport Beach, CA","landscape design build Newport Beach, CA",rating >= 4.4 AND reviews >= 40 AND has website AND website is not Wix/Squarespace-default AND no online booking,$5k-18k,Design-led buyer who already values what a good site looks like.,5
Luxury home & property,Landscape design & build,"Irvine, CA","landscape design build Irvine, CA",rating >= 4.4 AND reviews >= 40 AND has website AND website is not Wix/Squarespace-default AND no online booking,$5k-18k,Design-led buyer who already values what a good site looks like.,5
Luxury home & property,Landscape design & build,"San Diego, CA","landscape design build San Diego, CA",rating >= 4.4 AND reviews >= 40 AND has website AND website is not Wix/Squarespace-default AND no online booking,$5k-18k,Design-led buyer who already values what a good site looks like.,5
Luxury home & property,Landscape design & build,"Beverly Hills, CA","landscape design build Beverly Hills, CA",rating >= 4.4 AND reviews >= 40 AND has website AND website is not Wix/Squarespace-default AND no online booking,$5k-18k,Design-led buyer who already values what a good site looks like.,5
Luxury home & property,Landscape design & build,"Bellevue, WA","landscape design build Bellevue, WA",rating >= 4.4 AND reviews >= 40 AND has website AND website is not Wix/Squarespace-default AND no online booking,$5k-18k,Design-led buyer who already values what a good site looks like.,5
Luxury home & property,Landscape design & build,"Denver, CO","landscape design build Denver, CO",rating >= 4.4 AND reviews >= 40 AND has website AND website is not Wix/Squarespace-default AND no online booking,$5k-18k,Design-led buyer who already values what a good site looks like.,5
Luxury home & property,Landscape design & build,"Austin, TX","landscape design build Austin, TX",rating >= 4.4 AND reviews >= 40 AND has website AND website is not Wix/Squarespace-default AND no online booking,$5k-18k,Design-led buyer who already values what a good site looks like.,5
Luxury home & property,Landscape design & build,"Dallas, TX","landscape design build Dallas, TX",rating >= 4.4 AND reviews >= 40 AND has website AND website is not Wix/Squarespace-default AND no online booking,$5k-18k,Design-led buyer who already values what a good site looks like.,5
Luxury home & property,Landscape design & build,"The Woodlands, TX","landscape design build The Woodlands, TX",rating >= 4.4 AND reviews >= 40 AND has website AND website is not Wix/Squarespace-default AND no online booking,$5k-18k,Design-led buyer who already values what a good site looks like.,5
Luxury home & property,Landscape design & build,"Naples, FL","landscape design build Naples, FL",rating >= 4.4 AND reviews >= 40 AND has website AND website is not Wix/Squarespace-default AND no online booking,$5k-18k,Design-led buyer who already values what a good site looks like.,5
Luxury home & property,Landscape design & build,"Boca Raton, FL","landscape design build Boca Raton, FL",rating >= 4.4 AND reviews >= 40 AND has website AND website is not Wix/Squarespace-default AND no online booking,$5k-18k,Design-led buyer who already values what a good site looks like.,5
Luxury home & property,Landscape design & build,"Miami, FL","landscape design build Miami, FL",rating >= 4.4 AND reviews >= 40 AND has website AND website is not Wix/Squarespace-default AND no online booking,$5k-18k,Design-led buyer who already values what a good site looks like.,5
Luxury home & property,Landscape design & build,"Atlanta, GA","landscape design build Atlanta, GA",rating >= 4.4 AND reviews >= 40 AND has website AND website is not Wix/Squarespace-default AND no online booking,$5k-18k,Design-led buyer who already values what a good site looks like.,5
Luxury home & property,Landscape design & build,"Charlotte, NC","landscape design build Charlotte, NC",rating >= 4.4 AND reviews >= 40 AND has website AND website is not Wix/Squarespace-default AND no online booking,$5k-18k,Design-led buyer who already values what a good site looks like.,5
Luxury home & property,Landscape design & build,"Nashville, TN","landscape design build Nashville, TN",rating >= 4.4 AND reviews >= 40 AND has website AND website is not Wix/Squarespace-default AND no online booking,$5k-18k,Design-led buyer who already values what a good site looks like.,5
Luxury home & property,Landscape design & build,"Chicago, IL","landscape design build Chicago, IL",rating >= 4.4 AND reviews >= 40 AND has website AND website is not Wix/Squarespace-default AND no online booking,$5k-18k,Design-led buyer who already values what a good site looks like.,5
Luxury home & property,Landscape design & build,"Greenwich, CT","landscape design build Greenwich, CT",rating >= 4.4 AND reviews >= 40 AND has website AND website is not Wix/Squarespace-default AND no online booking,$5k-18k,Design-led buyer who already values what a good site looks like.,5
Luxury home & property,Landscape design & build,"Bethesda, MD","landscape design build Bethesda, MD",rating >= 4.4 AND reviews >= 40 AND has website AND website is not Wix/Squarespace-default AND no online booking,$5k-18k,Design-led buyer who already values what a good site looks like.,5
Luxury home & property,Landscape design & build,"Summerlin, NV","landscape design build Summerlin, NV",rating >= 4.4 AND reviews >= 40 AND has website AND website is not Wix/Squarespace-default AND no online booking,$5k-18k,Design-led buyer who already values what a good site looks like.,5
Professional services,Personal injury law,"Scottsdale, AZ","personal injury attorney Scottsdale, AZ",rating >= 4.4 AND reviews >= 40 AND has website AND website is not Wix/Squarespace-default AND no online booking,$10k-35k,Highest ad spend of any local category in America. They buy marketing without blinking.,5
Professional services,Personal injury law,"Newport Beach, CA","personal injury attorney Newport Beach, CA",rating >= 4.4 AND reviews >= 40 AND has website AND website is not Wix/Squarespace-default AND no online booking,$10k-35k,Highest ad spend of any local category in America. They buy marketing without blinking.,5
Professional services,Personal injury law,"Irvine, CA","personal injury attorney Irvine, CA",rating >= 4.4 AND reviews >= 40 AND has website AND website is not Wix/Squarespace-default AND no online booking,$10k-35k,Highest ad spend of any local category in America. They buy marketing without blinking.,5
Professional services,Personal injury law,"San Diego, CA","personal injury attorney San Diego, CA",rating >= 4.4 AND reviews >= 40 AND has website AND website is not Wix/Squarespace-default AND no online booking,$10k-35k,Highest ad spend of any local category in America. They buy marketing without blinking.,5
Professional services,Personal injury law,"Beverly Hills, CA","personal injury attorney Beverly Hills, CA",rating >= 4.4 AND reviews >= 40 AND has website AND website is not Wix/Squarespace-default AND no online booking,$10k-35k,Highest ad spend of any local category in America. They buy marketing without blinking.,5
Professional services,Personal injury law,"Bellevue, WA","personal injury attorney Bellevue, WA",rating >= 4.4 AND reviews >= 40 AND has website AND website is not Wix/Squarespace-default AND no online booking,$10k-35k,Highest ad spend of any local category in America. They buy marketing without blinking.,5
Professional services,Personal injury law,"Denver, CO","personal injury attorney Denver, CO",rating >= 4.4 AND reviews >= 40 AND has website AND website is not Wix/Squarespace-default AND no online booking,$10k-35k,Highest ad spend of any local category in America. They buy marketing without blinking.,5
Professional services,Personal injury law,"Austin, TX","personal injury attorney Austin, TX",rating >= 4.4 AND reviews >= 40 AND has website AND website is not Wix/Squarespace-default AND no online booking,$10k-35k,Highest ad spend of any local category in America. They buy marketing without blinking.,5
Professional services,Personal injury law,"Dallas, TX","personal injury attorney Dallas, TX",rating >= 4.4 AND reviews >= 40 AND has website AND website is not Wix/Squarespace-default AND no online booking,$10k-35k,Highest ad spend of any local category in America. They buy marketing without blinking.,5
Professional services,Personal injury law,"The Woodlands, TX","personal injury attorney The Woodlands, TX",rating >= 4.4 AND reviews >= 40 AND has website AND website is not Wix/Squarespace-default AND no online booking,$10k-35k,Highest ad spend of any local category in America. They buy marketing without blinking.,5
Professional services,Personal injury law,"Naples, FL","personal injury attorney Naples, FL",rating >= 4.4 AND reviews >= 40 AND has website AND website is not Wix/Squarespace-default AND no online booking,$10k-35k,Highest ad spend of any local category in America. They buy marketing without blinking.,5
Professional services,Personal injury law,"Boca Raton, FL","personal injury attorney Boca Raton, FL",rating >= 4.4 AND reviews >= 40 AND has website AND website is not Wix/Squarespace-default AND no online booking,$10k-35k,Highest ad spend of any local category in America. They buy marketing without blinking.,5
Professional services,Personal injury law,"Miami, FL","personal injury attorney Miami, FL",rating >= 4.4 AND reviews >= 40 AND has website AND website is not Wix/Squarespace-default AND no online booking,$10k-35k,Highest ad spend of any local category in America. They buy marketing without blinking.,5
Professional services,Personal injury law,"Atlanta, GA","personal injury attorney Atlanta, GA",rating >= 4.4 AND reviews >= 40 AND has website AND website is not Wix/Squarespace-default AND no online booking,$10k-35k,Highest ad spend of any local category in America. They buy marketing without blinking.,5
Professional services,Personal injury law,"Charlotte, NC","personal injury attorney Charlotte, NC",rating >= 4.4 AND reviews >= 40 AND has website AND website is not Wix/Squarespace-default AND no online booking,$10k-35k,Highest ad spend of any local category in America. They buy marketing without blinking.,5
Professional services,Personal injury law,"Nashville, TN","personal injury attorney Nashville, TN",rating >= 4.4 AND reviews >= 40 AND has website AND website is not Wix/Squarespace-default AND no online booking,$10k-35k,Highest ad spend of any local category in America. They buy marketing without blinking.,5
Professional services,Personal injury law,"Chicago, IL","personal injury attorney Chicago, IL",rating >= 4.4 AND reviews >= 40 AND has website AND website is not Wix/Squarespace-default AND no online booking,$10k-35k,Highest ad spend of any local category in America. They buy marketing without blinking.,5
Professional services,Personal injury law,"Greenwich, CT","personal injury attorney Greenwich, CT",rating >= 4.4 AND reviews >= 40 AND has website AND website is not Wix/Squarespace-default AND no online booking,$10k-35k,Highest ad spend of any local category in America. They buy marketing without blinking.,5
Professional services,Personal injury law,"Bethesda, MD","personal injury attorney Bethesda, MD",rating >= 4.4 AND reviews >= 40 AND has website AND website is not Wix/Squarespace-default AND no online booking,$10k-35k,Highest ad spend of any local category in America. They buy marketing without blinking.,5
Professional services,Personal injury law,"Summerlin, NV","personal injury attorney Summerlin, NV",rating >= 4.4 AND reviews >= 40 AND has website AND website is not Wix/Squarespace-default AND no online booking,$10k-35k,Highest ad spend of any local category in America. They buy marketing without blinking.,5
Professional services,Family law,"Scottsdale, AZ","family law attorney Scottsdale, AZ",rating >= 4.4 AND reviews >= 40 AND has website AND website is not Wix/Squarespace-default AND no online booking,$5k-15k,"Retainers are $5k+, the visitor arrives with a situation and the site talks about the firm.",5
Professional services,Family law,"Newport Beach, CA","family law attorney Newport Beach, CA",rating >= 4.4 AND reviews >= 40 AND has website AND website is not Wix/Squarespace-default AND no online booking,$5k-15k,"Retainers are $5k+, the visitor arrives with a situation and the site talks about the firm.",5
Professional services,Family law,"Irvine, CA","family law attorney Irvine, CA",rating >= 4.4 AND reviews >= 40 AND has website AND website is not Wix/Squarespace-default AND no online booking,$5k-15k,"Retainers are $5k+, the visitor arrives with a situation and the site talks about the firm.",5
Professional services,Family law,"San Diego, CA","family law attorney San Diego, CA",rating >= 4.4 AND reviews >= 40 AND has website AND website is not Wix/Squarespace-default AND no online booking,$5k-15k,"Retainers are $5k+, the visitor arrives with a situation and the site talks about the firm.",5
Professional services,Family law,"Beverly Hills, CA","family law attorney Beverly Hills, CA",rating >= 4.4 AND reviews >= 40 AND has website AND website is not Wix/Squarespace-default AND no online booking,$5k-15k,"Retainers are $5k+, the visitor arrives with a situation and the site talks about the firm.",5
Professional services,Family law,"Bellevue, WA","family law attorney Bellevue, WA",rating >= 4.4 AND reviews >= 40 AND has website AND website is not Wix/Squarespace-default AND no online booking,$5k-15k,"Retainers are $5k+, the visitor arrives with a situation and the site talks about the firm.",5
Professional services,Family law,"Denver, CO","family law attorney Denver, CO",rating >= 4.4 AND reviews >= 40 AND has website AND website is not Wix/Squarespace-default AND no online booking,$5k-15k,"Retainers are $5k+, the visitor arrives with a situation and the site talks about the firm.",5
Professional services,Family law,"Austin, TX","family law attorney Austin, TX",rating >= 4.4 AND reviews >= 40 AND has website AND website is not Wix/Squarespace-default AND no online booking,$5k-15k,"Retainers are $5k+, the visitor arrives with a situation and the site talks about the firm.",5
Professional services,Family law,"Dallas, TX","family law attorney Dallas, TX",rating >= 4.4 AND reviews >= 40 AND has website AND website is not Wix/Squarespace-default AND no online booking,$5k-15k,"Retainers are $5k+, the visitor arrives with a situation and the site talks about the firm.",5
Professional services,Family law,"The Woodlands, TX","family law attorney The Woodlands, TX",rating >= 4.4 AND reviews >= 40 AND has website AND website is not Wix/Squarespace-default AND no online booking,$5k-15k,"Retainers are $5k+, the visitor arrives with a situation and the site talks about the firm.",5
Professional services,Family law,"Naples, FL","family law attorney Naples, FL",rating >= 4.4 AND reviews >= 40 AND has website AND website is not Wix/Squarespace-default AND no online booking,$5k-15k,"Retainers are $5k+, the visitor arrives with a situation and the site talks about the firm.",5
Professional services,Family law,"Boca Raton, FL","family law attorney Boca Raton, FL",rating >= 4.4 AND reviews >= 40 AND has website AND website is not Wix/Squarespace-default AND no online booking,$5k-15k,"Retainers are $5k+, the visitor arrives with a situation and the site talks about the firm.",5
Professional services,Family law,"Miami, FL","family law attorney Miami, FL",rating >= 4.4 AND reviews >= 40 AND has website AND website is not Wix/Squarespace-default AND no online booking,$5k-15k,"Retainers are $5k+, the visitor arrives with a situation and the site talks about the firm.",5
Professional services,Family law,"Atlanta, GA","family law attorney Atlanta, GA",rating >= 4.4 AND reviews >= 40 AND has website AND website is not Wix/Squarespace-default AND no online booking,$5k-15k,"Retainers are $5k+, the visitor arrives with a situation and the site talks about the firm.",5
Professional services,Family law,"Charlotte, NC","family law attorney Charlotte, NC",rating >= 4.4 AND reviews >= 40 AND has website AND website is not Wix/Squarespace-default AND no online booking,$5k-15k,"Retainers are $5k+, the visitor arrives with a situation and the site talks about the firm.",5
Professional services,Family law,"Nashville, TN","family law attorney Nashville, TN",rating >= 4.4 AND reviews >= 40 AND has website AND website is not Wix/Squarespace-default AND no online booking,$5k-15k,"Retainers are $5k+, the visitor arrives with a situation and the site talks about the firm.",5
Professional services,Family law,"Chicago, IL","family law attorney Chicago, IL",rating >= 4.4 AND reviews >= 40 AND has website AND website is not Wix/Squarespace-default AND no online booking,$5k-15k,"Retainers are $5k+, the visitor arrives with a situation and the site talks about the firm.",5
Professional services,Family law,"Greenwich, CT","family law attorney Greenwich, CT",rating >= 4.4 AND reviews >= 40 AND has website AND website is not Wix/Squarespace-default AND no online booking,$5k-15k,"Retainers are $5k+, the visitor arrives with a situation and the site talks about the firm.",5
Professional services,Family law,"Bethesda, MD","family law attorney Bethesda, MD",rating >= 4.4 AND reviews >= 40 AND has website AND website is not Wix/Squarespace-default AND no online booking,$5k-15k,"Retainers are $5k+, the visitor arrives with a situation and the site talks about the firm.",5
Professional services,Family law,"Summerlin, NV","family law attorney Summerlin, NV",rating >= 4.4 AND reviews >= 40 AND has website AND website is not Wix/Squarespace-default AND no online booking,$5k-15k,"Retainers are $5k+, the visitor arrives with a situation and the site talks about the firm.",5
Professional services,Wealth management,"Scottsdale, AZ","wealth management advisor Scottsdale, AZ",rating >= 4.4 AND reviews >= 40 AND has website AND website is not Wix/Squarespace-default AND no online booking,$8k-25k,"Fee-based on AUM, compliance-shy, sites a decade old and they know it.",5
Professional services,Wealth management,"Newport Beach, CA","wealth management advisor Newport Beach, CA",rating >= 4.4 AND reviews >= 40 AND has website AND website is not Wix/Squarespace-default AND no online booking,$8k-25k,"Fee-based on AUM, compliance-shy, sites a decade old and they know it.",5
Professional services,Wealth management,"Irvine, CA","wealth management advisor Irvine, CA",rating >= 4.4 AND reviews >= 40 AND has website AND website is not Wix/Squarespace-default AND no online booking,$8k-25k,"Fee-based on AUM, compliance-shy, sites a decade old and they know it.",5
Professional services,Wealth management,"San Diego, CA","wealth management advisor San Diego, CA",rating >= 4.4 AND reviews >= 40 AND has website AND website is not Wix/Squarespace-default AND no online booking,$8k-25k,"Fee-based on AUM, compliance-shy, sites a decade old and they know it.",5
Professional services,Wealth management,"Beverly Hills, CA","wealth management advisor Beverly Hills, CA",rating >= 4.4 AND reviews >= 40 AND has website AND website is not Wix/Squarespace-default AND no online booking,$8k-25k,"Fee-based on AUM, compliance-shy, sites a decade old and they know it.",5
Professional services,Wealth management,"Bellevue, WA","wealth management advisor Bellevue, WA",rating >= 4.4 AND reviews >= 40 AND has website AND website is not Wix/Squarespace-default AND no online booking,$8k-25k,"Fee-based on AUM, compliance-shy, sites a decade old and they know it.",5
Professional services,Wealth management,"Denver, CO","wealth management advisor Denver, CO",rating >= 4.4 AND reviews >= 40 AND has website AND website is not Wix/Squarespace-default AND no online booking,$8k-25k,"Fee-based on AUM, compliance-shy, sites a decade old and they know it.",5
Professional services,Wealth management,"Austin, TX","wealth management advisor Austin, TX",rating >= 4.4 AND reviews >= 40 AND has website AND website is not Wix/Squarespace-default AND no online booking,$8k-25k,"Fee-based on AUM, compliance-shy, sites a decade old and they know it.",5
Professional services,Wealth management,"Dallas, TX","wealth management advisor Dallas, TX",rating >= 4.4 AND reviews >= 40 AND has website AND website is not Wix/Squarespace-default AND no online booking,$8k-25k,"Fee-based on AUM, compliance-shy, sites a decade old and they know it.",5
Professional services,Wealth management,"The Woodlands, TX","wealth management advisor The Woodlands, TX",rating >= 4.4 AND reviews >= 40 AND has website AND website is not Wix/Squarespace-default AND no online booking,$8k-25k,"Fee-based on AUM, compliance-shy, sites a decade old and they know it.",5
Professional services,Wealth management,"Naples, FL","wealth management advisor Naples, FL",rating >= 4.4 AND reviews >= 40 AND has website AND website is not Wix/Squarespace-default AND no online booking,$8k-25k,"Fee-based on AUM, compliance-shy, sites a decade old and they know it.",5
Professional services,Wealth management,"Boca Raton, FL","wealth management advisor Boca Raton, FL",rating >= 4.4 AND reviews >= 40 AND has website AND website is not Wix/Squarespace-default AND no online booking,$8k-25k,"Fee-based on AUM, compliance-shy, sites a decade old and they know it.",5
Professional services,Wealth management,"Miami, FL","wealth management advisor Miami, FL",rating >= 4.4 AND reviews >= 40 AND has website AND website is not Wix/Squarespace-default AND no online booking,$8k-25k,"Fee-based on AUM, compliance-shy, sites a decade old and they know it.",5
Professional services,Wealth management,"Atlanta, GA","wealth management advisor Atlanta, GA",rating >= 4.4 AND reviews >= 40 AND has website AND website is not Wix/Squarespace-default AND no online booking,$8k-25k,"Fee-based on AUM, compliance-shy, sites a decade old and they know it.",5
Professional services,Wealth management,"Charlotte, NC","wealth management advisor Charlotte, NC",rating >= 4.4 AND reviews >= 40 AND has website AND website is not Wix/Squarespace-default AND no online booking,$8k-25k,"Fee-based on AUM, compliance-shy, sites a decade old and they know it.",5
Professional services,Wealth management,"Nashville, TN","wealth management advisor Nashville, TN",rating >= 4.4 AND reviews >= 40 AND has website AND website is not Wix/Squarespace-default AND no online booking,$8k-25k,"Fee-based on AUM, compliance-shy, sites a decade old and they know it.",5
Professional services,Wealth management,"Chicago, IL","wealth management advisor Chicago, IL",rating >= 4.4 AND reviews >= 40 AND has website AND website is not Wix/Squarespace-default AND no online booking,$8k-25k,"Fee-based on AUM, compliance-shy, sites a decade old and they know it.",5
Professional services,Wealth management,"Greenwich, CT","wealth management advisor Greenwich, CT",rating >= 4.4 AND reviews >= 40 AND has website AND website is not Wix/Squarespace-default AND no online booking,$8k-25k,"Fee-based on AUM, compliance-shy, sites a decade old and they know it.",5
Professional services,Wealth management,"Bethesda, MD","wealth management advisor Bethesda, MD",rating >= 4.4 AND reviews >= 40 AND has website AND website is not Wix/Squarespace-default AND no online booking,$8k-25k,"Fee-based on AUM, compliance-shy, sites a decade old and they know it.",5
Professional services,Wealth management,"Summerlin, NV","wealth management advisor Summerlin, NV",rating >= 4.4 AND reviews >= 40 AND has website AND website is not Wix/Squarespace-default AND no online booking,$8k-25k,"Fee-based on AUM, compliance-shy, sites a decade old and they know it.",5
