email,company,run,basis
sales@bankerwire.com,Banker Wire,002,untagged
sales@ohiogratings.com,Ohio Gratings,002,untagged
info@ludowici.com,Ludowici Roof Tile,002,untagged
endicott@endicott.com,Endicott Clay Products,002,untagged
info@mozdesigns.com,Móz Designs,002,untagged
sales@rimexmetals.com,Rimex Metals USA,002,untagged
sales@juliusblum.com,Julius Blum & Co.,002,untagged
sales@kriegerproducts.com,Krieger Specialty Products,002,untagged
info@wooster-products.com,Wooster Products,002,untagged
sales@fergusonperf.com,Ferguson Perforating,002,untagged
info@rulonco.com,Rulon International,002,untagged
info@9wood.com,9Wood,002,untagged
info@arktura.com,Arktura,002,untagged
hello@turf.design,Turf Design,002,untagged
info@wolfgordon.com,Wolf-Gordon,002,untagged
info@koroseal.com,Koroseal Interior Products,002,untagged
info@roppe.com,Roppe Corporation,002,untagged
info@dur-a-flex.com,Dur-A-Flex,002,untagged
info@stonhard.com,Stonhard,002,untagged
sales@summitville.com,Summitville Tiles,002,untagged
info@willoughby-ind.com,Willoughby Industries,002,untagged
info@acorneng.com,Acorn Engineering Company,002,untagged
sales@mostdependable.com,Most Dependable Fountains,002,untagged
sales@victorstanley.com,Victor Stanley,002,untagged
info@keystoneridgedesigns.com,Keystone Ridge Designs,002,untagged
sales@wausautile.com,Wausau Tile,002,untagged
info@maglin.com,Maglin Site Furniture,002,untagged
info@berridge.com,Berridge Manufacturing,002,untagged
info@atas.com,ATAS International,002,untagged
info@bobrick.com,Bobrick Washroom Equipment,002,untagged
info@dri-design.com,Dri-Design,002,untagged
info@hendrickarch.com,Hendrick Architectural Products,002,untagged
info@cambridgearchitectural.com,Cambridge Architectural,002,untagged
info@overly.com,Overly Door Company,002,untagged
info@ellisonbronze.com,Ellison Bronze,002,untagged
info@lorin.com,Lorin Industries,002,untagged
sales@linetec.com,Linetec,002,untagged
info@mcelroymetal.com,McElroy Metal,002,untagged
sales@marcospecialtysteel.com,Marco Specialty Steel,002,untagged
info@gordon-inc.com,Gordon Incorporated,002,untagged
info@glengery.com,Glen-Gery,002,untagged
info@beldenbrick.com,The Belden Brick Company,002,untagged
info@elginbutler.com,Elgin Butler,002,untagged
info@crossvilleinc.com,Crossville,002,untagged
info@deltamillworks.com,Delta Millworks,002,untagged
info@montanatimberproducts.com,Montana Timber Products,002,untagged
sales@trussbilt.com,Trussbilt,002,untagged
sales@nickeloid.com,American Nickeloid,002,untagged
sales@accurateperforating.com,Accurate Perforating,002,untagged
sales@directmetals.com,Direct Metals Company,002,untagged
info@41west.com,41 West,003,untagged
info@airkitchenandbath.com,AIR Kitchen and Bath,003,untagged
info@advancedfertility.com,Advanced Fertility Center of Chicago,003,untagged
info@aeris.co,Aeris Plastic Surgery,003,untagged
info@alfordhomes.com,Alford Homes,003,untagged
info@alpersdentistry.com,Alpers Family & Cosmetic Dentistry,003,untagged
info@alterradesignllc.com,Alterra Landscape Design,003,untagged
info@anthonysylvan.com,Anthony & Sylvan Pools,003,untagged
info@aquaticpoolaz.com,Aquatic Pools and Spas,003,untagged
info@arcadiabuildersllc.com,Arcadia Custom Builders,003,untagged
info@arykraumd.com,Ary Krau MD,003,untagged
info@aspiredw.com,Aspire Dental Wellness,003,untagged
info@bcbhomes.com,BCB Homes,003,untagged
info@bluelandscape.com,BLUE Landscape & Outdoor Solutions,003,untagged
info@lovebeautify.com,Beautify Spa,003,untagged
info@beautyboostmedspa.com,Beauty Boost Med Spa,003,untagged
info@belterradentalatx.com,Belterra Dental,003,untagged
info@borelliconstructionofnaples.com,Borelli Construction of Naples,003,untagged
info@boxwellhomes.com,Boxwell Homes,003,untagged
info@bradyfamilydentistry.com,Brady Family Dentistry,003,untagged
info@cgcosmetic.com,CG Cosmetic Surgery,003,untagged
info@calviswyant.com,Calvis Wyant Luxury Homes,003,untagged
info@luxuryhomebuildersscottsdale.com,Carmel Homes Design Group,003,untagged
info@charlottedentalarts.com,Charlotte Dental Arts,003,untagged
info@chicagoivf.com,Chicago IVF,003,untagged
info@classicahomes.com,Classica Homes,003,untagged
info@clintnewmandds.com,Clint Newman DDS,003,untagged
info@codypools.com,Cody Pools,003,untagged
info@atlplasticsurgeon.com,Cole Cosmetic Surgery,003,untagged
info@cofps.com,Colorado Facial Plastic Surgery,003,untagged
info@coralgablescosmeticdentist.com,Coral Gables Cosmetic Dentist,003,untagged
info@coralgablesdentistry.com,Coral Gables Dentistry,003,untagged
info@cosmeticdentistofcharlotte.com,Cosmetic Dentistry of the Carolinas,003,untagged
info@dhhmedspa.com,DHH Med Spa,003,untagged
info@dallascosmeticdentist.us,Dallas Laser Dentistry,003,untagged
info@desanctishomes.com,DeSanctis Homes,003,untagged
info@dentalcosmeticspa.com,Dental Cosmetic Spa,003,untagged
info@dentalstudio101.com,Dental Studio 101,003,untagged
info@dermpartnersbocaraton.com,DermPartners Boca Raton,003,untagged
info@descohomes.com,Desco Fine Homes,003,untagged
info@desertstarconstruction.com,Desert Star Construction,003,untagged
info@dolphinpools.us,Dolphin Pools Construction,003,untagged
info@douglasfamilydentistry.com,Douglas Family Dentistry,003,untagged
info@dramyalderman.com,Dr. Amy Alderman Plastic Surgery,003,untagged
info@drjjwendel.com,Dr. J. J. Wendel Plastic Surgery,003,untagged
info@drmarkplasticsurgery.com,Dr. Mark Plastic Surgery,003,untagged
info@eastnashvilledentistry.com,East Nashville Aesthetic and Implant Dentistry,003,untagged
info@envisionfamilylaw.com,Envision Family Law,003,untagged
info@factordesignbuild.com,Factor Design Build,003,untagged
info@farberplasticsurgery.com,Farber Plastic Surgery,003,untagged
info@floridianinc.com,Floridian Pools,003,untagged
info@fratantoniluxuryestates.com,Fratantoni Luxury Estates,003,untagged
info@friederdermatology.com,Frieder Dermatology,003,untagged
info@garciamayoraldentistry.com,Garcia-Mayoral Dentistry,003,untagged
info@goldbergandrosen.com,Goldberg & Rosen,003,untagged
info@grandendeavorhomes.com,Grand Endeavor Homes,003,untagged
info@haleycustomhomes.com,Haley Custom Homes,003,untagged
info@hamiltonwingo.com,Hamilton Wingo,003,untagged
info@hillsborovillagedental.com,Hillsboro Village Dental,003,untagged
info@toddhobgood.com,Hobgood Facial Plastic Surgery,003,untagged
info@howarthplasticsurgery.com,Howarth Plastic Surgery,003,untagged
info@inviafertility.com,InVia Fertility,003,untagged
info@jangelodesignbuild.com,J. Angelo Design Build,003,untagged
info@kdokitchensandremodeling.com,KDO Kitchens and Remodeling,003,untagged
info@landscapesofnaples.com,Landscapes of Naples,003,untagged
info@lombardolandscaping.com,Lombardo Landscaping,003,untagged
info@landscaper-phoenix.com,MasterAZscapes,003,untagged
info@miamidesignersmiles.com,Miami Designer Smiles,003,untagged
info@midtownsmilestn.com,Midtown Smiles,003,untagged
info@modernemedical.com,Moderne Medical,003,untagged
info@naplesluxurylandscaper.com,Moore Landscaping,003,untagged
info@mullenandmullen.com,Mullen & Mullen Law Firm,003,untagged
info@mybathcolorado.com,MyBath Colorado,003,untagged
info@nashvillerestorativedentistry.com,Nashville Restorative Dentistry,003,untagged
info@nassaupools.com,Nassau Pools,003,untagged
info@northtexasplasticsurgery.com,North Texas Plastic Surgery,003,untagged
info@originallandscapeconcepts.com,Original Landscape Concepts,003,untagged
info@opidesign.net,Outside Productions,003,untagged
info@pr.builders,PR Builders,003,untagged
info@perimeterplasticsurgery.com,Perimeter Plastic Surgery,003,untagged
info@peterscustomhomes.com,Peters Custom Homes,003,untagged
info@phillipslaw.com,Phillips Law Group,003,untagged
info@phoenixcosmeticdentalcare.com,Phoenix Cosmetic Dental Care,003,untagged
info@rafterhouse.com,Rafterhouse,003,untagged
info@reduxremodeling.com,Redux Remodeling,003,untagged
info@reproductivemedicineinstitute.com,Reproductive Medicine Institute,003,untagged
info@rondaviscustomhomes.com,Ron Davis Custom Homes,003,untagged
info@scottpryorlaw.com,Scott Pryor Law Group,003,untagged
info@scottsdalecenterforplasticsurgery.com,Scottsdale Center for Plastic Surgery,003,untagged
info@scottsdalesmile.com,Scottsdale Smile Center,003,untagged
info@sevencustomhomes.com,Seven Custom Homes,003,untagged
info@shapiroplasticsurgery.com,Shapiro Plastic Surgery,003,untagged
info@sheffieldhomes.com,Sheffield Homes,003,untagged
info@simonini.com,Simonini Homes,003,untagged
info@skinandcancerassociates.com,Skin and Cancer Associates,003,untagged
info@southgablesdental.com,South Gables Dental,003,untagged
info@southviewdentistrycharlotte.com,SouthView Cosmetic Dentistry,003,untagged
info@southerndesignbuild.com,Southern Design & Build,003,untagged
info@springdalecharlotte.com,Springdale Custom Builders,003,untagged
info@scottsdalefacialplastics.com,Starkman Facial Plastic Surgery,003,untagged
info@smstrial.com,Stewart Miller Simmons Trial Attorneys,003,untagged
info@sccpools.com,Suncoast Custom Pools,003,untagged
info@superiorpools.com,Superior Pools of Southwest Florida,003,untagged
info@tennesseevalleyhomes.com,Tennessee Valley Homes,003,untagged
info@thecenterforcosmeticsurgery.net,The Center for Cosmetic Surgery,003,untagged
info@drnathan.com,The Nathan Clinic,003,untagged
info@toddmabrydds.com,Todd Mabry DDS,003,untagged
info@tropicalcreationsoliver.com,Tropical Creations by Oliver,003,untagged
info@usaplasticsurgery.com,USA Plastic Surgery,003,untagged
info@ultimateimagemedspa.com,Ultimate Image MedSpa,003,untagged
info@verdebuildersaustin.com,Verde Builders Custom Homes,003,untagged
info@zhcustomhomes.com,Zbranek & Holt Custom Homes,003,untagged
info@zuriplasticsurgery.com,Zuri Plastic Surgery,003,untagged
info@312kitchenbath.com,312 Kitchen & Bath,004,convention-email
info@advancedaestheticslv.com,Advanced Aesthetics Las Vegas,004,convention-email
info@allurebathsandkitchens.com,Allure Baths and Kitchens,004,convention-email
info@alvarezhomes.com,Alvarez Homes,004,convention-email
info@artisanbuildconstruct.com,Artisan Build Construct,004,convention-email
info@austinpooldesigns.com,Austin Pool Designs,004,convention-email
info@ballantynedentistry.com,Ballantyne Dentistry,004,convention-email
info@bocadental.com,Boca Dental,004,convention-email
info@bocaratoncosmeticdentist.com,Boca Raton Cosmetic Dentist,004,convention-email
info@bulldogkitchenandbath.com,Bulldog Kitchen & Bath Remodel,004,convention-email
info@cbgcustomhomes.com,CBG Custom Homes,004,convention-email
info@charlottedentistry.com,Charlotte Dentistry,004,convention-email
info@cltfamilydentistry.com,Charlotte Family Dentistry,004,convention-email
info@chiclavie.com,Chic la Vie Med Spa,004,convention-email
info@coloradonativelandscapes.com,Colorado Native Landscapes,004,convention-email
info@craftsmanhb.com,Craftsman Home Builders,004,convention-email
info@dkvtampahomes.com,DKV Tampa Homes,004,convention-email
info@davilasremodelingandconstruction.com,Davila's Remodeling & Construction,004,convention-email
info@designedlandscapes.com,Designed Landscapes,004,convention-email
info@divcohomes.com,Divco Custom Homes,004,convention-email
info@dralexrossitch.com,Dr. Alex Rossitch Dentistry,004,convention-email
info@dynamiccustompools.com,Dynamic Custom Pools,004,convention-email
info@eastbocadental.com,East Boca Dental,004,convention-email
info@1homebuilders.com,First Choice Home Builders,004,convention-email
info@generationhomessc.com,Generation Homes SC,004,convention-email
info@georgianlandscape.com,Georgian Landscape,004,convention-email
info@designsbyhermitage.com,Hermitage Kitchen Design Gallery,004,convention-email
info@homebuildersservices.net,Home Builders Services,004,convention-email
info@houstoncoolpools.com,Houston Cool Pools,004,convention-email
info@hunterquinnhomes.com,Hunter Quinn Homes,004,convention-email
info@inspireddoc.com,Inspired Dentistry of Charlotte,004,convention-email
info@drhasen.com,Kent V. Hasen MD Aesthetic Plastic Surgery,004,convention-email
info@kenzispa.com,Kenzi MedSpa,004,convention-email
info@kitchenandbathphoenix.com,Kitchen and Bath Phoenix,004,convention-email
info@kohrconstructionsc.com,Kohr Construction,004,convention-email
info@landscapeconnection.net,Landscape Connection,004,convention-email
info@master-homebuilder.com,Master Home Builder,004,convention-email
info@masterskitchenbath.com,Masters Kitchen & Bath,004,convention-email
info@medspaon5th.com,Med Spa on 5th,004,convention-email
info@medspa810scottsdale.com,MedSpa 810 Scottsdale,004,convention-email
info@medspaoflasvegas.com,Medspa of Las Vegas,004,convention-email
info@medspa-lv.com,Medspa-LV,004,convention-email
info@charlottemidtowndentistry.com,Midtown General & Cosmetic Dentistry,004,convention-email
info@naplesch.com,Naples Custom Homes,004,convention-email
info@nexgenconstructors.com,NexGen Constructors,004,convention-email
info@normandyremodeling.com,Normandy Remodeling,004,convention-email
info@nuvelifestyle.com,Nuve Clinic Med Spa,004,convention-email
info@oasislandscape.com,Oasis Landscapes & Irrigation,004,convention-email
info@pearlmedspa.com,Pearl Medspa,004,convention-email
info@providencedentistrycharlotte.com,Providence Dentistry Charlotte,004,convention-email
info@rrrmedspanaples.com,RRR Med Spa Naples,004,convention-email
info@regalpooldesign.com,Regal Pools,004,convention-email
info@regencyhomeremodeling.com,Regency Home Remodeling,004,convention-email
info@richardstbs.com,Richard's Total Backyard Solutions,004,convention-email
info@seaislandbuilders.com,Sea Island Builders,004,convention-email
info@snthomes.com,Southern & Traditional Homes,004,convention-email
info@southerntexaspools.com,Southern Texas Pools,004,convention-email
info@sweetwaterpoolsinc.com,Sweetwater Pools,004,convention-email
info@twdaz.com,TWD Arizona,004,convention-email
info@terra-designs.com,Terra Designs,004,convention-email
info@texaspools.com,Texas Pools,004,convention-email
info@theaustinpoolbuilders.com,The Austin Pool Builders,004,convention-email
info@dancompany.net,The Dan Company,004,convention-email
info@thedreamscapes.com,The Dreamscapes,004,convention-email
info@thelaserloungespa.com,The Laser Lounge Spa North Naples,004,convention-email
info@thelookmedspalv.com,The Look Med Spa,004,convention-email
info@mybocadentist.com,The Sindledecker Center,004,convention-email
info@theskinshopmedspascottsdale.com,The Skin Shop Medspa,004,convention-email
info@thewellmedspa.com,The Well Med Spa,004,convention-email
info@22spamd.com,22 Spa MD,005,convention-email
info@816medspa.com,816 Med Spa,005,convention-email
info@adlastudio.com,ADLA Studio,005,convention-email
info@greatskinkc.com,AesthetiCare Medspa,005,convention-email
info@affordablekitchensmn.com,Affordable Kitchens MN,005,convention-email
info@alexslawnscape.com,Alex's Lawnscape,005,convention-email
info@almeidabelldental.com,Almeida and Bell Dental,005,convention-email
info@altitudemedspa.com,Altitude Medspa,005,convention-email
info@aquapoolbuilderssarasota.com,Aqua Pool Builders Sarasota,005,convention-email
info@aterahomes.com,Atera Homes,005,convention-email
info@aurorabuilders.com,Aurora Builders,005,convention-email
info@austinlivinglandscapes.com,Austin Living Landscapes,005,convention-email
info@austinnativelandscaping.com,Austin Native Landscaping,005,convention-email
info@baileysremodeling.com,Bailey's Remodeling,005,convention-email
info@beyondnewport.com,Beyond Newport,005,convention-email
info@bigvisionslandscaping.com,Big Visions Landscaping,005,convention-email
info@bobspoolsandscreens.com,Bob's Pools and Screens,005,convention-email
info@brutskybuilds.com,Brutsky Builds,005,convention-email
info@carolinadreamknb.com,Carolina Dream Kitchen and Bath,005,convention-email
info@columbuskitchenbaths.com,Columbus Kitchen and Bath,005,convention-email
info@cosmeticdentistinscottsdale.com,Cosmetic Dentist in Scottsdale,005,convention-email
info@crystalkitchen.com,Crystal Kitchen and Bath,005,convention-email
info@dcbuilding.com,DC Building,005,convention-email
info@davefox.com,Dave Fox Remodeling,005,convention-email
info@dentisttampa.com,Dentist Tampa,005,convention-email
info@dentistryofoldtownscottsdale.com,Dentistry of Old Town Scottsdale,005,convention-email
info@floridafamilypools.com,Florida Family Pools,005,convention-email
info@gallagherco.net,Gallagher Co. Construction,005,convention-email
info@tampacosmeticdentist.com,General and Cosmetic Dentistry of Tampa,005,convention-email
info@gentledentistrytampa.com,Gentle Dentistry Tampa,005,convention-email
info@gentlesmilesofcolorado.com,Gentle Smiles of Colorado,005,convention-email
info@hallmarkpool.com,Hallmark Pool and Spa World,005,convention-email
info@hausofaesthetics.com,Haus of Aesthetics,005,convention-email
info@hollydayspa.com,Hollyday Med Spa and Aesthetics,005,convention-email
info@homeimprovementsunlimited.net,Home Improvements Unlimited,005,convention-email
info@inspiremedicalspas.com,Inspire Medical Spa,005,convention-email
info@jackleeconstruction.net,Jack Lee Construction,005,convention-email
info@jacksonvillecustombuilders.com,Jacksonville Custom Builders,005,convention-email
info@kjcustombuilders.com,KJ Custom Builders,005,convention-email
info@keithzarspools.com,Keith Zars Pools,005,convention-email
info@kitchenandbathshop.com,Kitchen and Bath Shop,005,convention-email
info@litvakwollerdds.com,Litvak and Woller Dentistry,005,convention-email
info@luttonco.com,Lutton Co,005,convention-email
info@matlockbathonline.com,Matlock Bath,005,convention-email
info@newportbeachmedspa.com,Newport Beach MedSpa,005,convention-email
info@pchmedspa.com,PCH MedSpa,005,convention-email
info@perfectbath.org,Perfect Bath,005,convention-email
info@pool-concepts.com,Pool Concepts by Pete Ordaz,005,convention-email
info@poolcreationsfl.com,Pool Creations,005,convention-email
info@providencehomesinc.com,Providence Homes,005,convention-email
info@rerremodeling.com,RER Remodeling,005,convention-email
info@rsvpmedspa.com,RSVP Med Spa,005,convention-email
info@rmedspa.com,Rajeunir Medical Spa,005,convention-email
info@raleighbathremodel.com,Raleigh Bath Remodel,005,convention-email
info@renov8co.com,Renov8,005,convention-email
info@reviverxmedspa.com,Revive RX Med Spa,005,convention-email
info@richlandmd.com,Richland MD,005,convention-email
info@riggcon.com,Rigg Construction,005,convention-email
info@ritzcraftpoolsandpavers.com,Ritzcraft Pools and Pavers,005,convention-email
info@slcmedspa.com,SLC Med Spa,005,convention-email
info@srqpoolbuilders.com,SRQ Pool Builders,005,convention-email
info@safarismilesdenver.com,Safari Smiles Denver,005,convention-email
info@sanchezpoolsinc.com,Sanchez Pools,005,convention-email
info@poolbuilderssarasotafl.com,Sarasota Pool Builders,005,convention-email
info@sarasotapoolcompany.com,Sarasota Pool Company,005,convention-email
info@scottgreenhalghdds.com,Scott Greenhalgh DDS,005,convention-email
info@scottsdaledentistnow.com,Scottsdale Dentist Now,005,convention-email
info@scottsdalefamilydentistry.com,Scottsdale Family Dentistry and Orthodontics,005,convention-email
info@scottsdalesmiledoctor.com,Scottsdale Smile Doctor,005,convention-email
info@seedlingslandscapingaustin.com,Seedlings Landscape Design Build,005,convention-email
info@smilearizonadentistry.com,Smile Arizona Dentistry,005,convention-email
info@springhettipools.com,Springhetti Pools,005,convention-email
info@shawnstarrcustomhomes.com,Starr Custom Homes,005,convention-email
info@stringhamhomes.com,Stringham Custom Homes,005,convention-email
info@structurelandscapes.com,Structure Landscapes,005,convention-email
info@superiorcustomhomes.com,Superior Custom Homes,005,convention-email
info@tgplawns.com,TGP Lawn and Landscape,005,convention-email
info@tampapalmsdentistry.com,Tampa Palms Dentistry,005,convention-email
info@texaspoolsandpatios.com,Texas Pools and Patios,005,convention-email
info@thebathauthority.com,The Bath Authority,005,convention-email
info@360exteriorslasvegas.com,360 Exteriors Pools and Spas,006,convention-email
info@abandk.com,AB&K Bath and Kitchen,006,convention-email
info@azlandscapedesignedconstruction.com,AZ Landscape Designed Construction,006,convention-email
info@alhambradentalplaza.com,Alhambra Dental Plaza,006,convention-email
info@beechmontdental.com,Beechmont Dental,006,convention-email
info@belldentalgroup.com,Bell Dental Group,006,convention-email
info@blueridgecustomhomesofva.com,Blue Ridge Custom Homes of VA,006,convention-email
info@bluewater-home.com,Bluewater Home,006,convention-email
info@booherbuilding.com,Booher Remodeling Company,006,convention-email
info@browndentalcare.com,Brown Dental Care,006,convention-email
info@budgetkitchenandbath.com,Budget Kitchen and Bath,006,convention-email
info@builtrighthomesva.com,Built Right Homes VA,006,convention-email
info@callconstructionllc.com,Call Construction,006,convention-email
info@caribbeanpoolsaz.com,Caribbean Pools AZ,006,convention-email
info@clarkebuilders.com,Clarke Builders,006,convention-email
info@cornerstonedentist.com,Cornerstone Dental Group,006,convention-email
info@cornerstonefamilydentalofsac.com,Cornerstone Family Dental of Sac,006,convention-email
info@crestwoodpools.com,Crestwood Pools,006,convention-email
info@dascustombuilders.com,D.A.S. Custom Builders,006,convention-email
info@dedicateddentistry.com,Dedicated Dentistry,006,convention-email
info@dentistryatpelhampointe.com,Dentistry at Pelham Pointe,006,convention-email
info@dentistryofeastsacramento.com,Dentistry of East Sacramento,006,convention-email
info@drlevens.com,Dr Levens Medspa,006,convention-email
info@dreambuildercustomhome.com,DreamBuilder Custom Homes,006,convention-email
info@dunkum.net,Dunkum Luxury Builders,006,convention-email
info@edgewatercustompools.com,Edgewater Custom Pools,006,convention-email
info@bathroomremodelmke.com,Elite Bathroom Remodeling Milwaukee,006,convention-email
info@francisdevelopmentllc.com,Francis Development,006,convention-email
info@gardensofbabylon.com,Gardens of Babylon,006,convention-email
info@globalsmilessacramento.com,Global Smiles Dentistry,006,convention-email
info@heritagedentistrysc.com,Heritage Family Dentistry,006,convention-email
info@indyrenovation.com,Indy Renovation,006,convention-email
info@jroderickyoungcustomhomes.com,J Roderick Young Custom Homes,006,convention-email
info@jcaldwellcustompools.com,J. Caldwell Custom Pools,006,convention-email
info@kenwoodcosmeticdentistry.com,Kenwood Cosmetic Dentistry,006,convention-email
info@lppoolsaz.com,LP Pools AZ,006,convention-email
info@landscapetn.com,Landscape Solutions TN,006,convention-email
info@lifetimesmilescincinnati.com,Lifetime Smiles Cincinnati,006,convention-email
info@lynova.com,Lynova Wellness Med Spa,006,convention-email
info@mcmahoncustomhomesllc.com,McMahon Custom Homes,006,convention-email
info@midtowndentalsacramento.com,Midtown Dental Sacramento,006,convention-email
info@mountainwoodhomes.com,Mountainwood Homes,006,convention-email
info@newbeginningslandscapes.com,New Beginnings Landscape,006,convention-email
info@opportunitylandscapesandnursery.com,Opportunity Landscapes and Nursery,006,convention-email
info@pinecustomhomes.com,PINE Custom Homes,006,convention-email
info@parkplacespafl.com,Park Place Spa and Body Sculpt,006,convention-email
info@patetekitchens.com,Patete Kitchen and Bath Design Center,006,convention-email
info@pittsburghsbestremodeling.com,Pittsburgh's Best Remodeling,006,convention-email
info@plantsourcefl.com,Plant Source Landscape and Restorations,006,convention-email
info@poolsrusllc.com,Pools R Us,006,convention-email
info@puryearpools.com,Puryear Custom Pools,006,convention-email
info@refreshpoolsaz.com,Refresh Pools AZ,006,convention-email
info@renewmd.com,RenewMD Medical Spa,006,convention-email
info@renotahoemedicalspa.com,Reno Tahoe Medical Spa,006,convention-email
info@riverwestdentalcare.com,River West Dental Care,006,convention-email
info@robertsonpools.com,Robertson Pools,006,convention-email
info@rutherdentistry.com,Ruther Family Dentistry,006,convention-email
info@sarasota-landscape.com,Sarasota Landscapers,006,convention-email
info@sarasotalandscaping.com,Sarasota Landscaping Inc,006,convention-email
info@sarasotalandscapingdesign.com,Sarasota Landscaping and Design,006,convention-email
info@schmidtfamilydds.com,Schmidt Family DDS,006,convention-email
info@scottsdalelandscapellc.com,Scottsdale Landscape LLC,006,convention-email
info@scottsdalelandscaping.net,Scottsdale Landscaping,006,convention-email
info@shertoksmiles.com,Shertok Smiles,006,convention-email
info@sho-proinc.com,Sho-Pro of Indiana,006,convention-email
info@signaturesmilesgreenville.com,Signature Smiles Greenville,006,convention-email
info@215mercury.com,215 Mercury,007,convention-email
info@abeautifulyoumedicalspa.com,A Beautiful You Medical Spa,007,convention-email
info@advancesindentistry.com,Advances in Dentistry,007,convention-email
info@myaffinitydentalcare.com,Affinity Dental Care,007,convention-email
info@alderwoodlandscaping.com,Alderwood Landscaping,007,convention-email
info@amenitieswellnessspa.com,Amenities Wellness Spa,007,convention-email
info@artisremodeling.com,Arti's Remodeling,007,convention-email
info@arzatedesigngroup.com,Arzate Design Group,007,convention-email
info@bandbpoolscarolina.com,B&B Pools of the Carolinas,007,convention-email
info@beautydeepmedspa.com,Beauty Deep MedSpa,007,convention-email
info@bvchomes.com,Bella Vita Custom Homes,007,convention-email
info@benchmarkhomesstl.com,Benchmark Homes STL,007,convention-email
info@bhmsmiles.com,Birmingham Smiles,007,convention-email
info@bostonbathremodel.com,Boston Bath Remodel,007,convention-email
info@celsiusmedspa.com,Celsius Med Spa Seattle,007,convention-email
info@classiclandscaping.com,Classic Landscaping Seattle,007,convention-email
info@coastlandscapedesign.com,Coast Landscape Design,007,convention-email
info@cookdmd.com,Cook Family and Cosmetic Dentistry,007,convention-email
info@dailyviewpoolsllc.com,Daily View Pools,007,convention-email
info@bhamdentist.com,Daniel Dentistry Birmingham,007,convention-email
info@dentistokc.com,Dentist OKC,007,convention-email
info@dentistinlouisville.com,Dentist in Louisville,007,convention-email
info@earthideaslandscaping.com,Earth Ideas Landscaping,007,convention-email
info@elassalfamilydentistry.com,Elassal Family Dentistry,007,convention-email
info@elitesmileslou.com,Elite Smiles of Louisville,007,convention-email
info@familydental502.com,Family Dental 502,007,convention-email
info@houstonfivestar.com,FiveSTAR Landscape,007,convention-email
info@grandvistapools.com,Grand Vista Pools,007,convention-email
info@greystonesmiledesign.com,Greystone Smile Design,007,convention-email
info@hardemanlandscape.com,Hardeman Landscape,007,convention-email
info@hibbshomesusa.com,Hibbs Luxury Homes,007,convention-email
info@invernesssmiles.com,Inverness Smiles,007,convention-email
info@jeffreyhomesllc.com,Jeffrey Homes,007,convention-email
info@jimturnerfamilydentistry.com,Jim Turner Family Dentistry,007,convention-email
info@keselmangroup.com,Keselman Group,007,convention-email
info@kitchenbathremodelingboston.com,Kitchen Bath Remodeling Boston,007,convention-email
info@lacosmedic.com,LA COSMEDIC,007,convention-email
info@lairdlandscaping.com,Laird Landscaping,007,convention-email
info@lombardopools.com,Lombardo Pools,007,convention-email
info@martinkitchenandbath.com,Martin Kitchen and Bath,007,convention-email
info@masterbilt.com,MasterBilt Homes,007,convention-email
info@medscapes.net,Medscapes,007,convention-email
info@medspaofseattle.com,Medspa of Seattle,007,convention-email
info@myokcdentist.com,My OKC Dentist,007,convention-email
info@naturalsmilesky.com,Natural Smiles KY,007,convention-email
info@norfolkkitchenandbath.com,Norfolk Kitchen and Bath,007,convention-email
info@okcdentalarts.com,OKC Dental Arts,007,convention-email
info@okcsmiles.com,OKC Smiles,007,convention-email
info@paramounthomescolorado.com,Paramount Homes Colorado,007,convention-email
info@patiopools.com,Patio Pools Tampa,007,convention-email
info@pennkitchenandbath.com,Penn Kitchen and Bath,007,convention-email
info@phillykitchenandbathllc.com,Philly Kitchen and Bath,007,convention-email
info@prestigech.com,Prestige Custom Homes,007,convention-email
info@clevelandremodelingpro.com,Pro Remodeling Cleveland,007,convention-email
info@toddreevesdmd.com,Reeves Cosmetic Dentistry,007,convention-email
info@reflectionsdentalcare.com,Reflections Dental Care,007,convention-email
info@regencydesignandbuild.com,Regency Design and Build,007,convention-email
info@rejuvenemedspa.com,Rejuvene Med Spa and Wellness,007,convention-email
info@remodelingboston.com,Remodeling Boston,007,convention-email
info@ringfamilydentistry.com,Ring Family Dentistry,007,convention-email
info@rivercityfamilydentistry.org,River City Family Dentistry,007,convention-email
info@rothwelldentistry.com,Rothwell Dentistry,007,convention-email
info@saddletreehomes.com,Saddletree Homes,007,convention-email
info@schultzbuilders.com,Schultz Builders,007,convention-email
info@seattlelandscapes.com,Seattle Landscapes,007,convention-email
info@smartpoolsbuilder.com,Smart Pool Builders,007,convention-email
info@smilesoflouisville.com,Smiles of Louisville,007,convention-email
info@sneedmedispa.com,Sneed Medispa and Wellness,007,convention-email
info@spacesdesignerhomes.com,Spaces Designer Homes,007,convention-email
info@springhurstdentistry.com,Springhurst Dentistry,007,convention-email
info@springhursthillsdentistry.com,Springhurst Hills Dentistry,007,convention-email
info@staufferandsons.com,Stauffer and Sons Construction,007,convention-email
info@stockellhomes.com,Stockell Homes,007,convention-email
info@tmcpools.com,TMC Custom Pools,007,convention-email
info@totalrestorepro.com,TR Design Build,007,convention-email
info@tampalandscapedesignarchitectco.com,Tampa Landscape Design and Architect Co,007,convention-email
info@tampalandscapepros.com,Tampa Landscape Pros,007,convention-email
info@taracustomhomes.com,Tara Custom Homes,007,convention-email
info@landscapedesignhouston.com,Texan Landscape Group,007,convention-email
info@thebathbuilders.com,The Bath Builders,007,convention-email
info@asaconstruction.net,A Step Above Construction,008,convention-email
info@ajlpoolandlandscaping.com,AJL Pool and Landscaping,008,convention-email
info@aquatechsofalbuquerque.com,Aqua Techs Pools and Spas,008,convention-email
info@belladomicile.com,Bella Domicile,008,convention-email
info@betterbuiltkitchensandbathrooms.com,Better Built Kitchens and Bathrooms,008,convention-email
info@blankmedspa.com,Blank Med Spa,008,convention-email
info@blessingland.com,Blessing Landscapes,008,convention-email
info@boiselandscapedesign.com,Boise Landscape Design,008,convention-email
info@bonafidecustompools.com,Bonafide Custom Pools,008,convention-email
info@brookscapes.com,Brookscapes,008,convention-email
info@ctshowerandbath.com,CT Shower and Bath,008,convention-email
info@chattanoogadentist.com,Chattanooga Family Dentistry,008,convention-email
info@downtowndentalchatt.com,Downtown Dental Chattanooga,008,convention-email
info@drakes7dees.com,Drake's 7 Dees,008,convention-email
info@dreamkitchenandbathaz.com,Dream Kitchen and Bath AZ,008,convention-email
info@dreammaker-remodel.com,DreamMaker Bath and Kitchen Madison,008,convention-email
info@drdrewdds.com,Drew Heidergott DDS,008,convention-email
info@ezremodelbaths.com,EZ Remodel Baths,008,convention-email
info@esoxcustomtiling.com,Esox Custom Tiling,008,convention-email
info@fitdentalcenter.com,FIT Dental Center,008,convention-email
info@familydentistryknoxville.com,Family Dentistry of Knoxville,008,convention-email
info@farwestlandscape.net,FarWest Landscape,008,convention-email
info@firmmedicalspa.com,Firm Medical Spa,008,convention-email
info@fountaincitysmiles.com,Fountain City Smiles,008,convention-email
info@frankrjenkinscustomhomes.com,Frank R Jenkins Custom Homes,008,convention-email
info@gozzodesignremodel.com,Gozzo Design and Remodel,008,convention-email
info@grassycreekdental.com,Grassy Creek Dental,008,convention-email
info@greenscapeinc.com,Greenscape Inc,008,convention-email
info@hagoodhomes.com,Hagood Homes,008,convention-email
info@hardencustomhomes.com,Harden Custom Homes,008,convention-email
info@hartfordskitchenfactory.com,Hartford's Kitchen Factory,008,convention-email
info@myheavenlypools.com,Heavenly Pools,008,convention-email
info@hfdsmiles.com,Heritage Family Dentistry Knoxville,008,convention-email
info@hixsondentalgroup.com,Hixson Dental Group,008,convention-email
info@hollandkitchens.com,Holland Kitchens and Baths,008,convention-email
info@inveinspa.com,InVein Aesthetics,008,convention-email
info@jacksonvillepoolcontractor.com,Kerry Martin Pools,008,convention-email
info@kevinkirschnewhomes.com,Kevin Kirsch Homes,008,convention-email
info@kitchenandbathscottsdale.com,Kitchen and Bath Scottsdale,008,convention-email
info@landscaperconstruction.com,Landscaper Construction,008,convention-email
info@landvisiondesigns.com,Landvision Designs,008,convention-email
info@mabhomesfl.com,MAB Homes,008,convention-email
info@madisonbathroomremodel.com,Madison Bathroom Remodel,008,convention-email
info@markjohnsoncustomhomes.com,Mark Johnson Custom Homes,008,convention-email
info@mcomiedentistry.com,McOmie Dentistry,008,convention-email
info@medspaofbaltimore.com,Medspa of Baltimore,008,convention-email
info@mchbuilder.com,Michael Christian Homes,008,convention-email
info@myfavoritepoolbuilder.com,My Favorite Pool Builder,008,convention-email
info@nouveauaesthetics.net,Nouveau Aesthetics,008,convention-email
info@oakwellsaquatics.com,Oak Wells Aquatics,008,convention-email
info@omahamedspa.com,Omaha Med Spa,008,convention-email
info@one-sourceconstruction.com,OneSource Construction Company,008,convention-email
info@philipremodeling.com,Philip's Home Remodeling,008,convention-email
info@phxhomeremodeling.com,Phoenix Home Remodeling,008,convention-email
info@port-landscaping.com,Portlandscaping,008,convention-email
info@premierkitchenandbath.com,Premier Kitchen and Bath,008,convention-email
info@omahapmc.com,Preventative Medical Clinic,008,convention-email
info@pristinesmilestn.com,Pristine Smiles TN,008,convention-email
info@raleighlandscape.com,Raleigh Landscape,008,convention-email
info@riseaboveremodeling.com,Rise Above Remodeling,008,convention-email
info@riverbendsandler.com,Riverbend Sandler Pools,008,convention-email
info@riverfrontdentalspokane.com,Riverfront Dental Spokane,008,convention-email
info@sagelandscapes.com,Sage Landscapes,008,convention-email
info@sargentconstructionsav.com,Sargent Construction,008,convention-email
info@scottsdalekitchenbath.com,Scottsdale Kitchen and Bath,008,convention-email
info@singletoncustomhomes.com,Singleton Custom Homes,008,convention-email
info@skinrenewaloftulsa.com,Skin Renewal of Tulsa,008,convention-email
info@smilechattanooga.com,Smiles of Chattanooga,008,convention-email
info@southknoxdental.com,South Knox Dental,008,convention-email
info@spokanesdentistry.com,Spokane's Dentistry,008,convention-email
info@sterlinglandscape.com,Sterling Landscape Company,008,convention-email
info@stonebuiltconstruction.com,Stone Built Construction,008,convention-email
info@sunrisepoolsnm.com,Sunrise Pools NM,008,convention-email
info@theavenuedentalgroup.com,The Avenue Dental Group,008,convention-email
info@thebattscompany.com,The Batts Company,008,convention-email
info@ahdentistry.com,AH Dentistry,009,convention-email
info@advancedlifeclinic.com,Advanced Life Clinic,009,convention-email
info@annarborfamilydentistry.net,Ann Arbor Family Dentistry,009,convention-email
info@annarborsmiles.com,Ann Arbor Smiles,009,convention-email
info@aquatechpoolservicepalmsprings.com,Aquatech Pools Palm Springs,009,convention-email
info@arcadianlandscape.com,Arcadian Landscape,009,convention-email
info@associatedplasticsurgeons.com,Associated Plastic Surgeons MedSpa,009,convention-email
info@audubondentalcenter.com,Audubon Dental and Implant Center,009,convention-email
info@baichconstruction.com,Baich Construction,009,convention-email
info@bathroomremodelingdetroitmi.com,Bathroom Remodeling Detroit MI,009,convention-email
info@beyondqualityconstruction.com,Beyond Quality Kitchen and Bath,009,convention-email
info@blueandgreenoutdoors.com,Blue and Green Outdoors,009,convention-email
info@thelexingtonkydentists.com,Broadway Family and Cosmetic Dentistry,009,convention-email
info@cherryhillcustomhomes.com,Cherry Hill Custom Homes,009,convention-email
info@crescentdentistrysc.com,Crescent Family and Cosmetic Dentistry,009,convention-email
info@dentistrypluslexington.com,Dentistry Plus Lexington,009,convention-email
info@edwardskitchenandbath.com,Edwards Kitchen and Bath,009,convention-email
info@elitesmilessc.com,Elite Smiles Dental SC,009,convention-email
info@everwelldentistry.com,Everwell Dentistry,009,convention-email
info@evolutionsmedicalspa.com,Evolutions Medical and Day Spa,009,convention-email
info@springvalleydentist.com,Family Dental Care of Spring Valley,009,convention-email
info@familypoolsconstruction.com,Family Pools Construction,009,convention-email
info@fortlauderdalelandscape.com,Fort Lauderdale Landscape,009,convention-email
info@gssbuilders.com,GSS Builders,009,convention-email
info@gardenspringsdental.com,Garden Springs Dental,009,convention-email
info@giovantihomes.com,Giovanti Homes,009,convention-email
info@go2scape.com,Go2Scape,009,convention-email
info@greashaberdentistry.com,Greashaber Dentistry,009,convention-email
info@greendreams-landscapes.com,Green Dreams Landscape,009,convention-email
info@grnway.com,Greenway Landscape Design and Build,009,convention-email
info@happehomes.com,Happe Homes,009,convention-email
info@infinityepools.com,Infinity E Pools and Spas,009,convention-email
info@med-i-spa.com,Infinity Med-I-Spa,009,convention-email
info@kdiusa.com,KDI Kitchens,009,convention-email
info@krmcustomhomes.com,KRM Custom Homes,009,convention-email
info@kinddermatology.com,Kind Dermatology and Medical Spa,009,convention-email
info@kitchenworldinc.com,Kitchen World Inc,009,convention-email
info@lelitemedispa.com,L'Elite Medispa,009,convention-email
info@limedicalaesthetics.com,LI Medical Aesthetics,009,convention-email
info@lukabuilders.com,LUKA Design and Build,009,convention-email
info@landscapingfortlauderdale.com,Landscaping Fort Lauderdale,009,convention-email
info@lasvegaslandscapedesigners.com,Las Vegas Landscape Design,009,convention-email
info@leisurepoolsmyrtlebeach.com,Leisure Pools Myrtle Beach,009,convention-email
info@lexingtondental.com,Lexington Dental,009,convention-email
info@lexingtonfamilydentistry.org,Lexington Family Dentistry,009,convention-email
info@longislandmedspa.com,Long Island Med Spa,009,convention-email
info@mrcustomhomes.com,MR Custom Homes,009,convention-email
info@maglebyconstruction.com,Magleby Construction,009,convention-email
info@mainbuilt.com,MainBuilt Custom Homes,009,convention-email
info@marjos.com,Marjos Complete Remodeling,009,convention-email
info@mcleancustombuilders.com,McLean Custom Builders,009,convention-email
info@medloftspa.com,Medloft Spa Huntsville,009,convention-email
info@modernlandscapelasvegas.com,Modern Landscape Las Vegas,009,convention-email
info@nvkitchenandbath.com,NV Kitchen and Bathroom Remodeling,009,convention-email
info@nvlandscapesllc.com,NV Landscapes,009,convention-email
info@newdaydetroit.com,New Day Detroit,009,convention-email
info@nykitchenandbath.com,New York Kitchen and Bath,009,convention-email
info@northshorems.com,North Shore Medical Spa,009,convention-email
info@landscaping.vegas,Northwest Landscaping Vegas,009,convention-email
info@psamedspa.com,PSA MedSpa,009,convention-email
info@pawleyspools.com,Pawleys Pools,009,convention-email
info@perfectmedspa.com,Perfect Med Spa,009,convention-email
info@poolsplus.biz,Pools Plus of the Carolinas,009,convention-email
info@poolsandpalms.com,Pools and Palms,009,convention-email
info@progresskitchenbath.com,Progress Kitchen and Bath,009,convention-email
info@reel-homes.com,Reel Homes,009,convention-email
info@reginadavisdental.com,Regina R Davis DDS,009,convention-email
info@remodelingcontractorvb.com,Remodeling Contractor VB,009,convention-email
info@renewhuntsville.com,Renew Medical Spa Huntsville,009,convention-email
info@richlandnedental.com,Richland Northeast Dental,009,convention-email
info@riffconstruction.com,Riff Construction,009,convention-email
info@riveroaksadvanceddentistry.com,River Oaks Advanced Dentistry,009,convention-email
info@riverslandscape.com,Rivers Landscape Construction,009,convention-email
info@sbaestheticsmedspa.com,SB Aesthetics Medical Spa,009,convention-email
info@ssbuildersandremodeling.com,SS Builders and Remodeling,009,convention-email
info@sacpool.com,Sac Pool,009,convention-email
info@sacpoolpros.com,Sac Pool Pros,009,convention-email
info@ashevilledental.com,Asheville Dental,010,convention-email
info@ashevillesmiles.com,Asheville Smiles,010,convention-email
info@amibareskin.com,Bareskin MedSpa,010,convention-email
info@cmsplumbers.com,CMS Plumbing,010,convention-email
info@charlestonlandscape.com,Charleston Landscape,010,convention-email
info@landscapedesigncharleston.com,Charleston Landscaping Design and Development,010,convention-email
info@charlestonplantworks.com,Charleston Plantworks,010,convention-email
info@tothdentistry.com,Christopher J Toth DMD,010,convention-email
info@coastallandscapedesign.com,Coastal Landscape Design,010,convention-email
info@completecaremedicalspa.com,Complete Care Medical Spa,010,convention-email
info@cmscaping.com,Crescent Moon Landscaping,010,convention-email
info@delightmedspa.com,Delight Med Spa,010,convention-email
info@dentalsolutionslr.com,Dental Solutions of Little Rock,010,convention-email
info@eilerfamilydentistry.com,Eiler Family Dentistry,010,convention-email
info@elegantkitchensny.com,Elegant Kitchens NY,010,convention-email
info@evergreendesigngroup.com,Evergreen Design Group,010,convention-email
info@drtimgillespie.com,Gillespie Dental Associates,010,convention-email
info@orlandogreener.com,Greener Industries,010,convention-email
info@heinenlandscape.com,Heinen Landscape,010,convention-email
info@highcraft.net,HighCraft Builders,010,convention-email
info@aholidaypool.com,Holiday Pools and Spa Construction,010,convention-email
info@honolulumedspa.com,Honolulu MedSpa,010,convention-email
info@islandpoolsinc.com,Island Pools,010,convention-email
info@jlcoutdoors.com,JLC Outdoors,010,convention-email
info@landscapedesignkansascity.com,Kansas City Landscape and Design,010,convention-email
info@kellersflowers.com,Keller's Landscaping,010,convention-email
info@jonesfamilydental.com,Kevin G Jones DDS,010,convention-email
info@kitchenandbathdesign.com,Kitchen and Bath World,010,convention-email
info@lasleybrahaney.com,Lasley Brahaney Architecture and Construction,010,convention-email
info@littlerocksmiles.com,Little Rock Smiles,010,convention-email
info@magnoliafamilydental.com,Magnolia Family Dental,010,convention-email
info@mhbi.us,Mountain High Builders,010,convention-email
info@nspjarch.com,NSPJ Architects,010,convention-email
info@newerahomes.com,New Era Homes,010,convention-email
info@nubellamedspa.com,NuBella Med Spa,010,convention-email
info@panoramaremodeling.com,Panorama Remodeling,010,convention-email
info@parkavenuedentalgnv.com,Park Avenue Dental Gainesville,010,convention-email
info@paynefamilyconstruction.com,Payne Family Construction,010,convention-email
info@personaltouchpoolsks.com,Personal Touch Pools KS,010,convention-email
info@platinumpoolandspa.com,Platinum Pools and Spa,010,convention-email
info@primeworkconstructionca.com,Primework Construction,010,convention-email
info@buildittolast.com,Razzano Homes,010,convention-email
info@reliefpools.com,Relief Pool Builders,010,convention-email
info@selectkitchenandbath.com,Select Kitchen and Bath,010,convention-email
info@smartsmiledentistry.com,Smart Smile Dentistry,010,convention-email
info@smilearkansas.com,Smile Arkansas,010,convention-email
info@taylordentistry.com,Taylor Dentistry,010,convention-email
info@tomlinsonconstruction.com,Tomlinson Construction,010,convention-email
info@transformationdentistry.com,Transformation Dentistry,010,convention-email
info@welbuilthomes.com,WELBuilt Homes,010,convention-email
info@winsomeconstruction.com,Winsome Construction,010,convention-email
info@coleycosmetic.com,Coley Cosmetic and Hand Surgery,010,convention-email
info@carolinaagemanagement.com,Carolina Age Management Institute,010,convention-email
info@papillionconstruction.com,Papillion Construction,010,convention-email
info@parkerpools.us,Parker Pools,010,convention-email
info@paynepoolprofessionals.com,Payne Pool Professionals,010,convention-email
info@vaughnspools.com,Vaughn's Pools,010,convention-email
info@daytonohremodeling.com,Dayton Kitchen and Bathroom Remodeling,010,convention-email
info@bathroomremodeldayton.net,Bathroom Remodel Dayton,010,convention-email
info@nwohomebuilders.com,Premier Custom Homes,010,convention-email
info@woodlandcustomhomes.com,Woodland Custom Home Builders,010,convention-email
info@ommedspa.com,OM Med Spa,011,convention-email
info@spa35.com,Spa 35 Med Spa,011,convention-email
info@silktouchmedspa.com,Silk Touch Cosmetic Surgery & Medspa,011,convention-email
info@thespaboise.com,The Spa Boise,011,convention-email
info@mtcrestoration.com,Midtown Craftsmen,011,convention-email
info@remodelgrandrapids.com,Grand Rapids Remodeling Pros,011,convention-email
info@theandymanimprovements.com,Andyman Improvements,011,convention-email
info@messnerlandscape.com,Messner Landscape,011,convention-email
info@proscapesllc.com,Proscapes Landscape Contractor,011,convention-email
info@sproutlandscape.com,Sprout Landscape & Garden,011,convention-email
info@tulsacustompools.com,Tulsa Custom Pools,011,convention-email
info@sierrapoolsandspas.com,Sierra Pools and Spas,011,convention-email
info@davis-custom-homes.com,Davis Custom Homes,011,convention-email
info@storyhomesomaha.com,Story Homes Omaha,011,convention-email
info@mercurybuilders.com,Mercury Builders,011,convention-email
info@questhomesomaha.com,Quest Custom Homes,011,convention-email
info@nielsencustomhomes.com,Nielsen Custom Homes,011,convention-email
info@wsnmmedspa.com,WSNM Med Spa,011,convention-email
info@bairmedicalspa.com,Bair Medical Spa,011,convention-email
info@improveamericainc.com,ImproveAmerica,011,convention-email
info@myterrahomes.com,Terra Homes,011,convention-email
info@diamondhomeswa.com,Diamond Homes,011,convention-email
info@apluslawn.com,A Plus Lawn & Landscape,011,convention-email
info@etchoutdoor.com,ETCH Outdoor Living,011,convention-email
info@brilliantborders.com,Brilliant Borders Landscaping,011,convention-email
info@theparkaesthetics.com,Park Aesthetics,011,convention-email
info@elanvitalmedspa.com,E'Lan Vital Medical Spa,011,convention-email
info@aestheticallysavy.com,Aesthetically Savy Wellness MedSpa,011,convention-email
info@renocustompools.com,Reno Custom Pools,011,convention-email
info@robertallenpoolsandspas.com,Robert Allen Pools & Spas,011,convention-email
info@terrafirmanv.com,Terra Firma Construction,011,convention-email
info@killianroaddentalcare.com,Killian Road Dental Care,011,convention-email
info@fortcollinslandscapeservice.com,Northern Landscaping Services,011,convention-email
info@bathlandscapedesign.com,Bath Landscape Design,011,convention-email
info@gardenartfortcollins.com,Garden Art Landscaping,011,convention-email
info@lindenleaflandscapes.com,Linden Leaf Landscapes,011,convention-email
info@zakgeorgelandscaping.com,Zak George Landscaping,011,convention-email
info@classickitchensofva.com,Classic Kitchens of Virginia,011,convention-email
info@rjtilley.com,R.J. Tilley,011,convention-email
info@classicconstructionext.com,Classic Construction,011,convention-email
info@drwrightplasticsurgery.com,Wright Plastic Surgery & Med Spa,011,convention-email
info@littlerockcosmeticsurgery.com,Exhale Med Spa,011,convention-email
info@fishelpools.com,Fishel Pools,011,convention-email
info@creativepoolconcepts.com,Creative Pool Concepts,011,convention-email
info@syracusebathrooms.com,Syracuse Bathrooms,011,convention-email
info@housebliss.net,CRG Remodeling,011,convention-email
info@nobletdentistry.com,Noblet Cosmetic & Family Dentistry,011,convention-email
info@alabama-dentist.com,Spring Hill Dental Health Center,011,convention-email
info@mobilefamilydentistry.com,Mobile Family Dentistry,011,convention-email
info@serenitydentalofmobile.com,Serenity Dental of Mobile,011,convention-email
info@soalsmiles.com,South Alabama Smiles,011,convention-email
info@mobilealabamadentistry.com,Maitre & Crabtree Dental,011,convention-email
info@kjrelaxinmedicalspa.com,KJ Relaxin Medical Spa,011,convention-email
info@builderswilmingtonnc.com,Stier Construction Company,011,convention-email
info@wildwest-landscapedesigns.com,Wild West Landscape Designs,011,convention-email
info@itsthelandscapers.com,Landscapers of Knoxville,011,convention-email
info@kissmemedspa.com,Kiss Me Med Spa,011,convention-email
info@awakenfresno.com,Awaken Aesthetics & Anti-Aging,011,convention-email
info@spectrumhealthmedspa.com,Spectrum Health Medical Spa,011,convention-email
info@lapeauspafresno.com,La Peau Spa,011,convention-email
info@medispafresno.com,Aspire Medispa,011,convention-email
info@dreammakerbakersfield.com,DreamMaker Bath & Kitchen of Bakersfield,011,convention-email
info@pioneerroofingsidingwindows.com,Pioneer Construction Company,011,convention-email
info@sorciconstruction.com,Sorci Construction Services,011,convention-email
info@hardtconstruction.biz,Hardt Construction,011,convention-email
info@greenlawnaugusta.com,Green Lawn Augusta,011,convention-email
info@verdantlandscape.com,Verdant Landscape,011,convention-email
info@cuttingedgeaugusta.com,Cutting Edge Augusta,011,convention-email
info@willowcreekoutdoors.com,Willow Creek Outdoor Management,011,convention-email
info@augustalandscaping.com,Augusta Landscaping,011,convention-email
info@paradisemedspas.com,Paradise Med Spas of Texas,011,convention-email
info@lpsitexas.com,The MedSpa at Lubbock Plastic Surgery Institute,011,convention-email
